,link_1,предприятие,должность,период,отрасль,duration
0,https://rabota.ua/cv/10296068,Корпорация «Биосфера»,Директор по маркетингу в Украине бизнес-направления HouseHold.,июл 2017 - июл 2018 (1 год 1 мес),FMCG,1.08
1,https://rabota.ua/cv/10296068,"Белатмит, СЗАО",Начальник управления маркетинга,мар 2016 - дек 2016 (10 мес),FMCG,0.83
2,https://rabota.ua/cv/10296068,Биола,Руководитель отдела торгового маркетинга,авг 2014 - фев 2016 (1 год 7 мес),"более 500 сотрудников
					FMCG",1.58
3,https://rabota.ua/cv/10296068,ИДС,Руководитель отдела торгового маркетинга,мар 2010 - мар 2014 (4 года 1 мес),"более 500 сотрудников
					FMCG",4.08
4,https://rabota.ua/cv/10296068,Крафт Фудз Украина,Территориальный менеджер,июн 2000 - июл 2009 (9 лет 2 мес),"более 500 сотрудников
					FMCG",9.17
0,https://rabota.ua/cv/4876832,ТОВ Еліюс,Территориальный менеджер,июн 2018 - настоящее время (1 год 7 мес),Торговля оптовая / Дистрибуция / Импорт-экспорт,1.58
1,https://rabota.ua/cv/4876832,Орлан,Супервайзер FMCG,дек 2017 - настоящее время (2 года 1 мес),Торговля,2.08
2,https://rabota.ua/cv/4876832,ТОВ Магазин № 100,Коммерческий директор,авг 2016 - дек 2017 (1 год 5 мес),Торговля оптовая / Дистрибуция / Импорт-экспорт,1.42
3,https://rabota.ua/cv/4876832,"Альторис, ООО",Супервайзер,янв 2016 - авг 2016 (8 мес),Торговля,0.67
4,https://rabota.ua/cv/4876832,ТОВ Торчинский (Польша),Работа в Европе.,дек 2014 - май 2015 (6 мес),Торговля,0.5
5,https://rabota.ua/cv/4876832,Либерком,Торговый представитель город и область.,сен 2013 - окт 2014 (1 год 2 мес),Торговля,1.17
6,https://rabota.ua/cv/4876832,ЧП Карымова Е.А,Товаровед,янв 2011 - сен 2013 (2 года 9 мес),Торговля,2.75
7,https://rabota.ua/cv/4876832,"САН ИнБев Украина, ПАО / SUN InBev Ukraine, PJSC / САН ІнБев Україна, ПАТ",Торговый представитель,окт 2010 - дек 2011 (1 год 3 мес),FMCG,1.25
8,https://rabota.ua/cv/4876832,Берег,"Старший товаровед сети маг. ювелирных изделий г.Николаев,Н.Каховка,г.Херсон,г.Вознесенск.",сен 2008 - сен 2010 (2 года 1 мес),Торговля,2.08
9,https://rabota.ua/cv/4876832,Імперіал Тобако Юкрейн / Imperial Tobacco Group / ITG,Торговый представитель,сен 2007 - авг 2008 (1 год),FMCG,1.0
10,https://rabota.ua/cv/4876832,ОМЕГА,Начальник отдела продаж,май 2007 - окт 2007 (6 мес),Торговля,0.5
11,https://rabota.ua/cv/4876832,"Кондитер Опт ""Roshen"".","Торовый представитель город,обл. Менеджер по VIP клиентам.",май 2005 - апр 2007 (2 года),Торговля,2.0
0,https://rabota.ua/cv/5267600,"Житомирский мясокомбинат, ООО",Региональный менеджер FMCG,апр 2014 - настоящее время (5 лет 9 мес),FMCG,5.75
1,https://rabota.ua/cv/5267600,Региональный директор,"NКАМ.  Менеджер по работе с  VIP клиентами. + ( Региональный менеджер Одесса, Николаев , Херсон)",апр 2012 - янв 2013 (10 мес),"более 500 сотрудников
					FMCG",0.83
2,https://rabota.ua/cv/5267600,RKAM,"ООО ""Лидер-продукт""",ноя 2009 - апр 2012 (2 года 6 мес),"более 500 сотрудников
					FMCG",2.5
3,https://rabota.ua/cv/5267600,KAM,Киев Конти,янв 2005 - ноя 2009 (4 года 11 мес),FMCG,4.92
0,https://rabota.ua/cv/10371693,"Балмолоко Экстра, ООО",Коммерческий директор ООО «Балмолоко»,июл 2011 - май 2013 (1 год 11 мес),FMCG,1.92
1,https://rabota.ua/cv/10371693,ЗАО «Краснопавловский молокозавод»,Коммерческий директор ЗАО «Краснопавловский молокозавод»,фев 2008 - фев 2010 (2 года 1 мес),"от 100 до 250 сотрудников
					FMCG",2.08
2,https://rabota.ua/cv/10371693,ООО ТД «ЛЮБАС»          ЗАО «ГАДЯЧСЫР»,региональный менеджер по ВОСТОЧНОМУ РЕГИОНУ ООО ТД «ЛЮБАС»          ЗАО «ГАДЯЧСЫР»,фев 2006 - фев 2008 (2 года 1 мес),"от 100 до 250 сотрудников
					FMCG",2.08
3,https://rabota.ua/cv/10371693,"Милкиленд-Украина, ДП / Milkiland",РЕГИОНАЛЬНЫЙ МЕНЕДЖЕР ПО ВОСТОЧНОМУ РЕГИОНУ КОМПАНИИ ДП «МИЛКИЛЕНД-УКРАИНА»,май 2004 - фев 2006 (1 год 10 мес),FMCG,1.83
4,https://rabota.ua/cv/10371693,PepsiCo/Wimm-Bill-Dann,"НАЧАЛЬНИК ОТДЕЛА РЕГИОНАЛЬНЫХ ПРОДАЖ КОМПАНИИ «ВИММ-БИЛЛЬ-ДАНН», АООТ «ХМК»",янв 2002 - апр 2004 (2 года 4 мес),FMCG,2.33
0,https://rabota.ua/cv/6113203,ООО «Клион Групп»,Зам. Директора по Дистрибьюции Украина,мар 2016 - настоящее время (3 года 10 мес),Торговля оптовая / Дистрибуция / Импорт-экспорт,3.83
1,https://rabota.ua/cv/6113203,ООО «Укр-Агро-Продукт»,Директор по Продажам B2B Украина,фев 2015 - фев 2016 (1 год 1 мес),Торговля оптовая / Дистрибуция / Импорт-экспорт,1.08
2,https://rabota.ua/cv/6113203,FB Comp LTD,Директор по Продажам,май 2014 - фев 2015 (10 мес),Финансовые,0.83
3,https://rabota.ua/cv/6113203,"ООО «ТД Мегаполис», ООО «УДК»",Региональный Директор,ноя 2007 - апр 2014 (6 лет 6 мес),FMCG,6.5
4,https://rabota.ua/cv/6113203,Коммерческий Директор. Начальник Коммерческого Отдела. Директор филиала,Директор Представительства,апр 2002 - ноя 2007 (5 лет 8 мес),Торговля,5.67
5,https://rabota.ua/cv/6113203,Руководитель Отдела развития дилерской сети и заявок производству.,"ООО «Кронос-Инвест» г.Киев, Запорожье, Харьков, Чернигов, Днепропетровск, Одесса",ноя 1999 - май 2002 (2 года 7 мес),Торговля,2.58
6,https://rabota.ua/cv/6113203,собственник частного бизнеса,СП ЗАО «АвтоЗАЗ-Daewoo» г.Запорожье.,фев 1993 - ноя 1999 (6 лет 10 мес),Автомобильная,6.83
0,https://rabota.ua/cv/6421041,"ТОВ ""ТД"" ЭКО ПРОДУКТЫ УКРАИНЫ""",Руководитель бизнеса,авг 2014 - настоящее время (5 лет 5 мес),FMCG,5.42
1,https://rabota.ua/cv/6421041,Ficosota Syntez,Национльный Менеджер Традиционная Торговля,янв 2014 - июл 2014 (7 мес),FMCG,0.58
2,https://rabota.ua/cv/6421041,ООО «Вересень плюс»,Операционный директор розничной сети,фев 2012 - июн 2013 (1 год 5 мес),Торговля,1.42
3,https://rabota.ua/cv/6421041,"Лидер Снек, ООО",Национальный менеджер по продажам (NKAM),фев 2011 - дек 2011 (11 мес),FMCG,0.92
4,https://rabota.ua/cv/6421041,"Ласка-Кировоград, ООО",Директор по продажам,июл 2009 - дек 2010 (1 год 6 мес),FMCG,1.5
5,https://rabota.ua/cv/6421041,"Партнер Экспо, ООО",Региональный менеджер,дек 2008 - июл 2009 (8 мес),Торговля,0.67
6,https://rabota.ua/cv/6421041,"Водный мир, ТМ",Территориальный менеджер,мар 2007 - сен 2008 (1 год 7 мес),FMCG,1.58
7,https://rabota.ua/cv/6421041,Бахус Групп,Директор по продажам Россия,фев 2004 - дек 2006 (2 года 11 мес),Торговля,2.92
0,https://rabota.ua/cv/14281236,"МинТекс, Императив","Исполнительный директор, директор",май 2011 - июн 2019 (8 лет 2 мес),Промышленность и Производство,8.17
1,https://rabota.ua/cv/14281236,Химический концерн «ХАДО»,Директор представительства,дек 2009 - апр 2011 (1 год 5 мес),Промышленность и Производство,1.42
2,https://rabota.ua/cv/14281236,"ТМ «Родина»: Костопольский завод продтоваров, костопольский маргариновый                           завод. Производитель кондитерских изделий, соков, продуктов                           бакалейной группы: маргарины, жиры, майонезы, уксусы, горчица.",Территориальный менеджер по г. Харькову и области.,окт 2009 - дек 2009 (3 мес),Промышленность и Производство,0.25
3,https://rabota.ua/cv/14281236,ООО ТГ «Союз»,Супервайзер по области,ноя 2008 - май 2009 (7 мес),Промышленность и Производство,0.58
4,https://rabota.ua/cv/14281236,"ТМ «Авеста» Кондитерская фабрика, ООО «Экконд»,",НАЧАЛЬНИК ОТДЕЛА ПРОДАЖ (в подчинении 50 человек),окт 2005 - ноя 2008 (3 года 2 мес),Промышленность и Производство,3.17
5,https://rabota.ua/cv/14281236,"ТМ «Авеста» Кондитерская фабрика, ООО «Фора Плюс»","РЕГИОНАЛЬНЫЙ МЕНЕДЖЕР (Донецк, Днепропетровск, Запорожье, Луганск)",авг 2005 - окт 2005 (3 мес),Промышленность и Производство,0.25
0,https://rabota.ua/cv/11256287,EU Poultry Slovakia,Sales manager,окт 2017 - настоящее время (2 года 3 мес),Торговля оптовая / Дистрибуция / Импорт-экспорт,2.25
1,https://rabota.ua/cv/11256287,"Укрпроминвест-Кондитер-Харьков, ООО",Директор,янв 2011 - окт 2017 (6 лет 10 мес),Торговля оптовая / Дистрибуция / Импорт-экспорт,6.83
2,https://rabota.ua/cv/11256287,"САН ІнБев Україна, ПАТ/ SUN InBev Ukraine, JSC","Менеджер по развитию канала ""Ключевые клиенты""  г. Киев",мар 2010 - янв 2011 (11 мес),FMCG,0.92
3,https://rabota.ua/cv/11256287,"САН ІнБев Україна, ПАТ/ SUN InBev Ukraine, JSC",Региональный менеджер по работе с ключевыми клиентами,июн 2007 - мар 2010 (2 года 10 мес),FMCG,2.83
4,https://rabota.ua/cv/11256287,"САН ІнБев Україна, ПАТ/ SUN InBev Ukraine, JSC",Супервайзер,июн 2005 - июн 2007 (2 года 1 мес),FMCG,2.08
5,https://rabota.ua/cv/11256287,ооо Довгань Украина - т.д. Злагода,Начальник отдела продаж,окт 1999 - май 2005 (5 лет 8 мес),Торговля оптовая / Дистрибуция / Импорт-экспорт,5.67
0,https://rabota.ua/cv/6544783,ООО АТТУАЛЬ,Региональный менеджер,май 2017 - настоящее время (2 года 8 мес),Торговля оптовая / Дистрибуция / Импорт-экспорт,2.67
1,https://rabota.ua/cv/6544783,КОРНИЛ,менеджер по развитию регионов,фев 2016 - июн 2017 (1 год 5 мес),FMCG,1.42
2,https://rabota.ua/cv/6544783,Океанаполис,менеджер по продажам национальных сетей супермаркетов,авг 2011 - апр 2014 (2 года 9 мес),Торговля,2.75
3,https://rabota.ua/cv/6544783,Мост-Инвест,зам. коммерческого директора,фев 2011 - июл 2011 (6 мес),Недвижимость,0.5
4,https://rabota.ua/cv/6544783,«Полтаварыбхоз»,"коммерческий директор, директор Торгового Дома",дек 2006 - янв 2011 (4 года 2 мес),АПК,4.17
5,https://rabota.ua/cv/6544783,"Фирма ЛАРИКС"" ЛТД",директор по продажам,авг 2006 - дек 2006 (5 мес),FMCG,0.42
6,https://rabota.ua/cv/6544783,«ЛОГОС»,зам.директора по торговле; начальник отдела продаж; начальник отдела розничных продаж,мар 2002 - июл 2006 (4 года 5 мес),FMCG,4.42
7,https://rabota.ua/cv/6544783,Київський продовольчий розвиток,начальник отдела продаж,фев 1999 - май 2001 (2 года 4 мес),FMCG,2.33
8,https://rabota.ua/cv/6544783,“МИВИНА”  «ТЕХНОКОМ» Киевский Филиал,супервайзер; торговый представитель,дек 1996 - сен 1998 (1 год 10 мес),FMCG,1.83
9,https://rabota.ua/cv/6544783,Завод Ленинская кузница,старший строитель - ответственный сдатчик судов,апр 1989 - дек 1996 (7 лет 9 мес),Промышленность,7.75
0,https://rabota.ua/cv/12701766,"ООО ""Группа компаний центр К"" (Строительство)","генеральный директор, учредитель",фев 2016 - настоящее время (3 года 11 мес),Строительство,3.92
1,https://rabota.ua/cv/12701766,"ООО ""Штази"" (Охранная компания)",Генеральный директор,окт 2015 - настоящее время (4 года 3 мес),Строительство,4.25
2,https://rabota.ua/cv/12701766,Первый вице-президент,"ООО ""Штази"" (Охранная компания)",фев 2013 - янв 2016 (3 года),Строительство,3.0
3,https://rabota.ua/cv/12701766,Директор по продажам,"Международный благотворительный фонд ""Миролюб""",июн 2012 - янв 2013 (8 мес),Строительство,0.67
4,https://rabota.ua/cv/12701766,Директор магазина,"ООО ""Меркстим Украина"" (Швеция, представительство концерна)",окт 2011 - янв 2013 (1 год 4 мес),Строительство,1.33
5,https://rabota.ua/cv/12701766,"Магазин ""Двери"", Фабрика ""Меранти""","Магазин ""Двери"", Фабрика ""Меранти""",сен 2009 - авг 2011 (2 года),Строительство,2.0
6,https://rabota.ua/cv/12701766,"ООО ""Андромеда трейдинг"" (аналог Rozetka)",Директор,июн 2007 - июл 2009 (2 года 2 мес),Строительство,2.17
7,https://rabota.ua/cv/12701766,"ООО ""Гутман Украина"" (Румыния-Венгрия), продажи",Коммерческий директор,ноя 2006 - апр 2007 (6 мес),Строительство,0.5
8,https://rabota.ua/cv/12701766,"ООО ""Саер Украина""",менеджер по развитию дилерской сети,мар 2004 - сен 2006 (2 года 7 мес),Строительство,2.58
0,https://rabota.ua/cv/3837927,ООО Реальная Сталь,Руководитель отдела продаж,фев 2019 - настоящее время (11 мес),Промышленность и Производство,0.92
1,https://rabota.ua/cv/3837927,Метинвест,Региональный менеджер,янв 2016 - окт 2018 (2 года 10 мес),Промышленность и Производство,2.83
2,https://rabota.ua/cv/3837927,ДП БИК Украина,национальный менеджер попродажам,окт 2012 - окт 2014 (2 года 1 мес),FMCG,2.08
3,https://rabota.ua/cv/3837927,,Национальный менеджер по продажам (канцелярия),авг 2011 - авг 2012 (1 год 1 мес),FMCG,1.08
4,https://rabota.ua/cv/3837927,дивизиональный менеджер,,июл 2009 - авг 2011 (2 года 2 мес),Промышленность и Производство,2.17
5,https://rabota.ua/cv/3837927,Менеджер по координации продаж,ООО Хенкель Украина,сен 2006 - июл 2009 (2 года 11 мес),FMCG,2.92
6,https://rabota.ua/cv/3837927,Менеджер по управлению полевым персоналом (Field Force Manager),ООО “Хенкель Украина”,мар 2002 - сен 2006 (4 года 7 мес),FMCG,4.58
0,https://rabota.ua/cv/2695324,Ирида  косметикс,Коммерческий директор,дек 2017 - настоящее время (2 года 1 мес),Торговля оптовая / Дистрибуция / Импорт-экспорт,2.08
1,https://rabota.ua/cv/2695324,Смарти Фэмили,"Руководитель отдела продаж, RSM.",сен 2016 - окт 2017 (1 год 2 мес),Торговля оптовая / Дистрибуция / Импорт-экспорт,1.17
2,https://rabota.ua/cv/2695324,"Барком, ТзОВ",Руководитель сети оптово-розничных магазинов ТМ Родынна Ковбаска в г.Львов,ноя 2015 - июл 2016 (9 мес),АПК,0.75
3,https://rabota.ua/cv/2695324,"Молочная Компания ""Галичина""","Руководитель Западного регионального управления, RSM, 8 областей.",сен 2014 - авг 2015 (1 год),FMCG,1.0
4,https://rabota.ua/cv/2695324,"Территориальный менеджер Западного региона Украины, ASM (работал в: Северо-Восточном Крыму и Одессе)",Коммерческий Директор,май 2008 - авг 2014 (6 лет 4 мес),FMCG,6.33
5,https://rabota.ua/cv/2695324,Региональный Менеджер,"Молочная Компания ""ДАНОН""",мар 2004 - мар 2006 (2 года 1 мес),Банки,2.08
6,https://rabota.ua/cv/2695324,«ПроКредит Банк»,"Руководитель отдела розничного бизнеса в Западном регионе Украины, RM:Львов,Ивано-Франковск,Ужгород.",мар 2002 - мар 2004 (2 года 1 мес),Торговля,2.08
7,https://rabota.ua/cv/2695324,"Региональный представитель по Западному региону Украины, RSM, 10 областей.",Руководитель Западного регионального управления,фев 2000 - мар 2002 (2 года 2 мес),FMCG,2.17
8,https://rabota.ua/cv/2695324,Директор,"Немецкий завод по производству машин и инструментов для обработки труб «REMS», г.Львов",янв 1998 - янв 2000 (2 года 1 мес),Отели,2.08
0,https://rabota.ua/cv/3868913,Снек Продакшн,Директор филиала,Лют 2017 - Лип 2019 (2 роки 6 міс),FMCG,0.0
1,https://rabota.ua/cv/3868913,Сеть магазинов Динь Динь,Руководитель магазинов региона,Кві 2016 - Січ 2017 (10 міс),FMCG,0.0
2,https://rabota.ua/cv/3868913,"БОН БУАССОН БЕВЕРІДЖ, ТОВ",Региональный директор,Вер 2014 - Кві 2016 (1 рік 8 міс),FMCG,0.0
3,https://rabota.ua/cv/3868913,ДП Капарол Украина,Менеджер в оптовой торговле,Бер 2014 - Сер 2014 (6 міс),Торгівля,0.0
4,https://rabota.ua/cv/3868913,Метро Кеш енд Кери Украина,Управляющий ТЦ28 Черновцы,Бер 2013 - Лис 2013 (9 міс),FMCG,0.0
5,https://rabota.ua/cv/3868913,IDS AQUA SERVICE,Директор филиала в г. Черновцы,Бер 2011 - Вер 2012 (1 рік 7 міс),FMCG,0.0
6,https://rabota.ua/cv/3868913,"ТОВ Метро Кеш енд Кери Украина, Киев",Начальник отдела продаж,Жов 2009 - Бер 2011 (1 рік 6 міс),FMCG,0.0
7,https://rabota.ua/cv/3868913,"ТОВ Метро Кеш енд Кери Украина, Черновцы",Руководитель проекта,Чер 2009 - Вер 2009 (4 міс),FMCG,0.0
8,https://rabota.ua/cv/3868913,Metro Cash & Carry Ukraine,Специалист по продажам,Жов 2007 - Чер 2009 (1 рік 9 міс),FMCG,0.0
0,https://rabota.ua/cv/3025082,"Наш продукт плюс, ООО",Директор филиала,май 2017 - сен 2019 (2 года 5 мес),FMCG,2.42
1,https://rabota.ua/cv/3025082,ООО Атлантис,Директор филиала,окт 2015 - дек 2016 (1 год 3 мес),FMCG,1.25
2,https://rabota.ua/cv/3025082,"Атлантис, ООО",Начальник отдела продаж,мар 2013 - окт 2015 (2 года 8 мес),Торговля,2.67
3,https://rabota.ua/cv/3025082,Галиция дистилери,АСМ гОдесса,окт 2010 - мар 2013 (2 года 6 мес),Торговля,2.5
4,https://rabota.ua/cv/3025082,"ООО ""Империя""",Менеджер региона,фев 2009 - окт 2010 (1 год 9 мес),Торговля,1.75
5,https://rabota.ua/cv/3025082,"ООО ""Империя смаку""",и.о. директора,июл 2007 - фев 2009 (1 год 8 мес),Торговля,1.67
6,https://rabota.ua/cv/3025082,"ООО ""Капри косметик""",Супервайзер,дек 2005 - июл 2007 (1 год 8 мес),Торговля,1.67
7,https://rabota.ua/cv/3025082,"ООО ""Мегамикс""",Торговый представитель,янв 2001 - дек 2005 (5 года),Торговля,5.0
8,https://rabota.ua/cv/3025082,"ООО ""Артемида""",Региональный представитель,июн 1997 - янв 2001 (3 года 8 мес),Промышленность,3.67
0,https://rabota.ua/cv/12934047,ФЛП Карлина Т.Ю.,Коммерческий директор,окт 2015 - май 2017 (1 год 8 мес),FMCG,1.67
1,https://rabota.ua/cv/12934047,Гранд Импорт Донецк,Коммерческий директор,окт 2014 - окт 2015 (1 год 1 мес),FMCG,1.08
2,https://rabota.ua/cv/12934047,Феникс,Супервайзер,май 2013 - окт 2014 (1 год 6 мес),Торговля,1.5
3,https://rabota.ua/cv/12934047,Феникс,Торговый представитель,авг 2011 - май 2013 (1 год 10 мес),Торговля,1.83
4,https://rabota.ua/cv/12934047,Форум,Торговый представитель,июл 2010 - авг 2011 (1 год 2 мес),Торговля,1.17
0,https://rabota.ua/cv/7552004,"Фрателли Консорциум, ООО",Коммерческий директор,окт 2015 - настоящее время (4 года 3 мес),FMCG,4.25
1,https://rabota.ua/cv/7552004,СП МАРКОМ,Коммерческий директор,май 2015 - авг 2015 (4 мес),"более 500 сотрудников
					FMCG",0.33
2,https://rabota.ua/cv/7552004,"""СТАРЛИНГ ТРЕЙД""",Директор,июл 2012 - янв 2015 (2 года 7 мес),Торговля,2.58
3,https://rabota.ua/cv/7552004,"""Одесский завод шампанских вин"", Campari Украина",Заместитель коммерческого директора,апр 2010 - июл 2012 (2 года 4 мес),Торговля,2.33
0,https://rabota.ua/cv/6333843,"ООО «ФИРМА»ДИСНА», ООО «МАРАНИ УКРАИНА»",Key Account Manager,янв 2014 - настоящее время (6 лет),FMCG,6.0
1,https://rabota.ua/cv/6333843,1. Fozzy Group,01.01.14 - по настоящее время,дек 2011 - ноя 2013 (2 года),FMCG,2.0
2,https://rabota.ua/cv/6333843,-,"2. КВИЗА-ТРЕЙД ""Велика Кишеня"", ""ВЕЛМАРТ""",дек 2008 - дек 2011 (3 года 1 мес),FMCG,3.08
3,https://rabota.ua/cv/6333843,-,-,фев 2007 - дек 2008 (1 год 11 мес),FMCG,1.92
4,https://rabota.ua/cv/6333843,"""Фуршет""",3,ноя 2006 - фев 2007 (4 мес),FMCG,0.33
5,https://rabota.ua/cv/6333843,-,-,сен 2005 - ноя 2006 (1 год 3 мес),FMCG,1.25
6,https://rabota.ua/cv/6333843,Директор направления  Напитки Табак Коммерческий офис,"Руководитель департамента  ""Алкогольные и безалкогольные напитки"" Коммерческий офис ""СІЛЬПО""",ноя 2003 - сен 2005 (1 год 11 мес),FMCG,1.92
7,https://rabota.ua/cv/6333843,Региональный менеджер,Директор направления  Напитки Табак Коммерческий офис,сен 2001 - дек 2002 (1 год 4 мес),FMCG,1.33
0,https://rabota.ua/cv/6871142,"Компания «Санни фуд» (Производство и продажа овсяных хлопьев , мюслей, сухих завтраков , ТМ Dr. Benner )",Директор по продажам,фев 2017 - настоящее время (2 года 11 мес),Торговля оптовая / Дистрибуция / Импорт-экспорт,2.92
1,https://rabota.ua/cv/6871142,Компания «ВГП» (ТМ Рута-бумажная санитарно-гигиеническая продукция) г. Киев,Экспорт-менеджер,сен 2013 - апр 2016 (2 года 8 мес),Торговля оптовая / Дистрибуция / Импорт-экспорт,2.67
2,https://rabota.ua/cv/6871142,British American Tobacco Україна,Retail Communication Manager,янв 2010 - май 2013 (3 года 5 мес),FMCG,3.42
3,https://rabota.ua/cv/6871142,British American Tobacco Україна,Региональный менеджер,фев 2009 - дек 2009 (11 мес),FMCG,0.92
4,https://rabota.ua/cv/6871142,British American Tobacco Україна,:    Территориальный менеджер   дистрибуции (Area distribution manager),май 2005 - авг 2009 (4 года 4 мес),FMCG,4.33
5,https://rabota.ua/cv/6871142,British American Tobacco Україна,Специалист торгового маркетинга (Trade Marketing Executive),авг 2003 - май 2005 (1 год 10 мес),FMCG,1.83
6,https://rabota.ua/cv/6871142,"Сильпо""","Мега маркет"", ""Велика Кишеня"", ""Фуршет"" ,",сен 2001 - авг 2003 (2 года),FMCG,2.0
0,https://rabota.ua/cv/9146998,Дистрибюцыйные сети (Henkel),Торговый представитель,янв 2014 - настоящее время (6 лет),FMCG,6.0
1,https://rabota.ua/cv/9146998,"ЧП Голованов-""MAXUS""(економ лампочки)",Торговый представитель,авг 2012 - дек 2013 (1 год 5 мес),FMCG,1.42
2,https://rabota.ua/cv/9146998,Торговый представитель,Территориальный менеджер,ноя 2011 - июл 2012 (9 мес),FMCG,0.75
0,https://rabota.ua/cv/8182203,S Group ( IPG Trading),Дивизионный Менеджер,янв 2018 - настоящее время (2 год),FMCG,2.0
1,https://rabota.ua/cv/8182203,S Group,Региональный Директор Центральный Регион,мар 2017 - янв 2018 (11 мес),FMCG,0.92
2,https://rabota.ua/cv/8182203,New Products Group,"Региональный менеджер Центро-Восточный Регион Кировоградская, Черкасская, Полтавская обл.",окт 2015 - мар 2017 (1 год 6 мес),FMCG,1.5
3,https://rabota.ua/cv/8182203,New Products Group,"Региональный менеджер КАМ Одесская, Николаевская, Херсонская обл., АРК.",окт 2013 - окт 2015 (2 года 1 мес),FMCG,2.08
4,https://rabota.ua/cv/8182203,New Products Group,Территориальный менеджер,авг 2012 - ноя 2013 (1 год 4 мес),FMCG,1.33
5,https://rabota.ua/cv/8182203,"ЧП ""Коллега"", Кировоград (FMCG Напитки)",Супервайзер ЭФК ГК «Новые Продукты»,сен 2011 - авг 2012 (1 год),FMCG,1.0
6,https://rabota.ua/cv/8182203,"Хендлинговое Агенство «Аир Линк Интернешнл», Одесса (Бизнес Авиация)","Специалист по планированию, Диспетчер.",июн 2008 - мар 2009 (10 мес),FMCG,0.83
7,https://rabota.ua/cv/8182203,"Авиакомпания «Австрийские Авиалинии», Одесса (Гражданская Авиация)","Представитель авиакомпании, супервайзер наземного обслуживания в г. Одесса.",май 2006 - май 2008 (2 года 1 мес),FMCG,2.08
0,https://rabota.ua/cv/5461420,"ООО ""Позитив"" г.Кривой Рог",Коммерческий директор,июн 2015 - ноя 2015 (6 мес),FMCG,0.5
1,https://rabota.ua/cv/5461420,"ООО ""Альянс-Эко""  г.Кривой Рог",Начальник отдела продаж,май 2011 - авг 2014 (3 года 4 мес),FMCG,3.33
2,https://rabota.ua/cv/5461420,"ООО ""Парк Плюс""   г.Кривой Рог",Начальник меллобазы,июн 2010 - фев 2011 (9 мес),FMCG,0.75
3,https://rabota.ua/cv/5461420,"ООО""ТрейдМакс""  г.Харьков",Директор филиала,авг 2009 - мар 2010 (8 мес),FMCG,0.67
4,https://rabota.ua/cv/5461420,"ООО""Династия"" г.Кривой Рог",Директор филиала,апр 2007 - авг 2009 (2 года 5 мес),FMCG,2.42
5,https://rabota.ua/cv/5461420,"ООО "" Корона -ДП""  г.Кировоград",Директор филиала,июн 2005 - апр 2007 (1 год 11 мес),FMCG,1.92
0,https://rabota.ua/cv/6170847,"ООО ""Аквафрост"" (ТМ Водный мир)",Директор филиала,апр 2018 - июл 2018 (4 мес),FMCG,0.33
1,https://rabota.ua/cv/6170847,"ООО""Август- Кий""",Коммерческий директор,фев 2017 - июл 2017 (6 мес),FMCG,0.5
2,https://rabota.ua/cv/6170847,Аскания Фроузен Фудс,Коммерческий директор,май 2009 - окт 2016 (7 лет 6 мес),Торговля,7.5
3,https://rabota.ua/cv/6170847,ООО «Аскания Фроузен Фудс»,Директор филиала,мар 2007 - май 2009 (2 года 3 мес),Торговля,2.25
0,https://rabota.ua/cv/5074534,"ООО ТД ""Витал плюс""","RSM (Донецкая, Луганская область)",сен 2013 - ноя 2014 (1 год 3 мес),FMCG,1.25
1,https://rabota.ua/cv/5074534,Зона ответственности:,Должностные обязанности:,дек 2011 - янв 2013 (1 год 2 мес),FMCG,1.17
2,https://rabota.ua/cv/5074534,ASM,:,сен 2008 - ноя 2011 (3 года 3 мес),FMCG,3.25
3,https://rabota.ua/cv/5074534,RSM,"Луцк Фудз, ПАО",июн 2007 - сен 2008 (1 год 4 мес),FMCG,1.33
4,https://rabota.ua/cv/5074534,Директор филиала,"ООО ТД ""Молочная слобода""",окт 2006 - май 2007 (8 мес),FMCG,0.67
5,https://rabota.ua/cv/5074534,RSM,"ООО ТД ""Тульчинка-центр""",окт 2005 - сен 2006 (1 год),"более 500 сотрудников
					FMCG",1.0
6,https://rabota.ua/cv/5074534,Владелец,"ООО ""Снэк Украина""",авг 2003 - окт 2005 (2 года 3 мес),FMCG,2.25
7,https://rabota.ua/cv/5074534,ASM,Частный бизнес,авг 1998 - июл 2003 (5 лет),"более 500 сотрудников
					FMCG",5.0
0,https://rabota.ua/cv/7823900,"ТОВ ""Универсал""",Коммерческий директор (функциональные обязанности операционного директора),ноя 2004 - настоящее время (15 лет 2 мес),FMCG,15.17
1,https://rabota.ua/cv/7823900,-,2011-2016,янв 2001 - ноя 2004 (3 года 11 мес),FMCG,3.92
2,https://rabota.ua/cv/7823900,-,-,янв 2000 - авг 2001 (1 год 8 мес),FMCG,1.67
3,https://rabota.ua/cv/7823900,Начальник коммерческого отдела,-,июл 1997 - янв 2000 (2 года 7 мес),АПК,2.58
4,https://rabota.ua/cv/7823900,Менеджер по продажам,Универсал,июл 1998 - ноя 1999 (1 год 5 мес),Строительство,1.42
0,https://rabota.ua/cv/8012604,ДОМ АРОМАТОВ ООО,Генеральный директор,мар 2010 - апр 2016 (6 лет 2 мес),Торговля оптовая / Дистрибуция / Импорт-экспорт,6.17
1,https://rabota.ua/cv/8012604,Заместитель генерального директора по вопросам маркетинга и сбыта,Профиль,дек 2007 - мар 2010 (2 года 4 мес),FMCG,2.33
2,https://rabota.ua/cv/8012604,Профиль,Первая Парфюмерная Компания (бизнес-направление корпорации «Олимп»).,авг 2006 - ноя 2007 (1 год 4 мес),FMCG,1.33
3,https://rabota.ua/cv/8012604,"Первая Парфюмерная Компания (бизнес-направление корпорации ""Олимп"")",Бренд-менеджер,дек 2005 - авг 2006 (9 мес),FMCG,0.75
4,https://rabota.ua/cv/8012604,"Корпорация ""Укринтерпродукт"" (сейчас Lauffer Group)",Менеджер по управлению проектами и специалист по маркетингу NPD,сен 2004 - дек 2005 (1 год 4 мес),Промышленность,1.33
0,https://rabota.ua/cv/7682021,LCF LAW GROUP Юридическая группа,Руководитель направления организационного развития/кризис-менеджер,фев 2015 - настоящее время (4 года 11 мес),Юридические услуги,4.92
1,https://rabota.ua/cv/7682021,Генеральный директор,,апр 2010 - янв 2015 (4 года 10 мес),FMCG,4.83
2,https://rabota.ua/cv/7682021,директор,"ООО ""Укрморепродукт""",ноя 2006 - май 2010 (3 года 7 мес),FMCG,3.58
3,https://rabota.ua/cv/7682021,Национальный менеджер по работе с ключевыми клиентами,"ООО ""ТД Дольче Вита""",ноя 2003 - ноя 2005 (2 года 1 мес),Юридические услуги,2.08
0,https://rabota.ua/cv/3947699,ЧП «Иммунитет»  (www.lutyk.net),Коммерческий директор,июл 2014 - апр 2017 (2 года 10 мес),Торговля оптовая / Дистрибуция / Импорт-экспорт,2.83
1,https://rabota.ua/cv/3947699,"Компании – импортеры , ООО «Маркус плюс» (www.confitrade.ru)",Коммерческий директор,сен 2012 - мар 2014 (1 год 7 мес),Торговля оптовая / Дистрибуция / Импорт-экспорт,1.58
2,https://rabota.ua/cv/3947699,Мироновский хлебопродукт (МХП),Заместитель  начальника управления по не прямым продажам,июл 2011 - июн 2012 (1 год),АПК,1.0
3,https://rabota.ua/cv/3947699,"ООО ""Компания Май Украина""",Директор по продажам/региональной дистрибуции,мар 2010 - май 2011 (1 год 3 мес),Торговля оптовая / Дистрибуция / Импорт-экспорт,1.25
4,https://rabota.ua/cv/3947699,"ООО ""Фараон""",Нициональный менеджер сбыта,июл 2009 - фев 2010 (8 мес),Торговля оптовая / Дистрибуция / Импорт-экспорт,0.67
5,https://rabota.ua/cv/3947699,ЗАО «Крафт Фудз Украина»,Национальный менеджер сбыта,май 2005 - янв 2009 (3 года 9 мес),Торговля оптовая / Дистрибуция / Импорт-экспорт,3.75
0,https://rabota.ua/cv/6594598,"Альпи-Украина, ООО",Директор производства,сен 2016 - настоящее время (3 года 4 мес),FMCG,3.33
1,https://rabota.ua/cv/6594598,"Альпи-Украина, ООО",Заместитель генерального директора,июн 2015 - настоящее время (4 года 7 мес),FMCG,4.58
2,https://rabota.ua/cv/6594598,MAROTECH,Commercial  director,авг 2014 - настоящее время (5 лет 5 мес),FMCG,5.42
3,https://rabota.ua/cv/6594598,"EVYAP /Эвьяп Трейдинг Украина, ООО",Региональный менеджер,фев 2014 - окт 2015 (1 год 9 мес),FMCG,1.75
4,https://rabota.ua/cv/6594598,Esta-Beauty,Региональный менеджер,авг 2011 - фев 2014 (2 года 7 мес),FMCG,2.58
0,https://rabota.ua/cv/12622251,Booking Health GmbH (медицинский туризм),Руководитель отдела продаж. Международный Колл-центр. Английский/русский,мар 2019 - май 2019 (3 мес),Туризм / Путешествия / Пассажирские перевозки,0.25
1,https://rabota.ua/cv/12622251,Media Stream BHG,Руководитель отдела развития продаж. Коуч-тренер по продажам. Международный колл-центр. Английский/р,фев 2017 - апр 2018 (1 год 3 мес),Туризм / Путешествия / Пассажирские перевозки,1.25
2,https://rabota.ua/cv/12622251,"Баядера Групп, Украина",Начальник отдела обучения. Коуч-тренер. Украина. 2000+ сотрудников,сен 2014 - июн 2015 (10 мес),Туризм / Путешествия / Пассажирские перевозки,0.83
3,https://rabota.ua/cv/12622251,"DHL Express СНГ, Россия, Украина","Руководитель отдела качества продаж, Коуч-тренер по продажам для России, Украины, стран СНГ.",янв 2003 - май 2014 (11 лет 5 мес),Туризм / Путешествия / Пассажирские перевозки,11.42
4,https://rabota.ua/cv/12622251,"Иностранные компании в Украине - Moulinex SA, Electrolux AB, Rautaruukki OJ",Коммерческий директор/ руководитель отдела продаж,май 1994 - май 2002 (8 лет 1 мес),Туризм / Путешествия / Пассажирские перевозки,8.08
0,https://rabota.ua/cv/7292035,Торговый Дом «Корфт Оум»,Директор по продажам в Украине.,ноя 2015 - июн 2017 (1 год 8 мес),FMCG,1.67
1,https://rabota.ua/cv/7292035,"Шевченковский завод продтоваров, ООО",Директор по продажам,фев 2015 - окт 2015 (9 мес),FMCG,0.75
2,https://rabota.ua/cv/7292035,"Украинский продукт, ЧП / Геркулес, ТМ","Руководитель отдела продаж Вип сектора, Бизнес тренер, Управляющий Киевским филиалом",фев 2010 - дек 2014 (4 года 11 мес),FMCG,4.92
3,https://rabota.ua/cv/7292035,"Аргон, ООО, НПП",Коммерческий директор в Украине.,ноя 2009 - фев 2010 (4 мес),Торговля,0.33
4,https://rabota.ua/cv/7292035,Фикасота Синтез Украина,Региональный Директор по продажам,янв 2008 - сен 2009 (1 год 9 мес),FMCG,1.75
5,https://rabota.ua/cv/7292035,"ЗАО ""АВК""","Территориальный менеджер по продажам в Хмельницкой, Тернопольской, Черновицкой, Винницкой, Житомирск",янв 2003 - авг 2007 (4 года 8 мес),FMCG,4.67
0,https://rabota.ua/cv/6874369,VIASAT,Дивизиональный менеджер,фев 2015 - настоящее время (4 года 11 мес),Медиа,4.92
1,https://rabota.ua/cv/6874369,УВП УТОС,Коммерческий директор,сен 2014 - фев 2015 (6 мес),FMCG,0.5
2,https://rabota.ua/cv/6874369,Территориальный менеджер,Управление коммерческой деятельностью предприятия:,мар 2012 - окт 2014 (2 года 8 мес),FMCG,2.67
3,https://rabota.ua/cv/6874369,Организация и управление продажами в пределах территории (канала продаж);,IDS Group Ukraine,дек 2011 - мар 2012 (4 мес),FMCG,0.33
4,https://rabota.ua/cv/6874369,Координация деятельности и контактов с местными клиентами для продвижения существующих и новых видов товара на рынке;,"Аудит каналов сбыта, контроль качества дистрибьюции;",фев 2009 - дек 2011 (2 года 11 мес),FMCG,2.92
5,https://rabota.ua/cv/6874369,"Организация и обеспечение выполнения планов по объёму продаж по отгрузкам со склада дистрибьютора. Установка и влияние на эффективность, результативность, расчёт прибыли дистрибьютора;",Выполнение актуальных маркетинговых целей и задач согласно с маркетинговой стратегией Компании на подотчётной территории;,ноя 2008 - фев 2009 (4 мес),FMCG,0.33
0,https://rabota.ua/cv/8975517,"Майер-ТД, ООО",Торговый представитель,окт 2011 - настоящее время (8 лет 3 мес),Торговля,8.25
0,https://rabota.ua/cv/10107677,ООО BI-ES Косметикс Украина,территориальный менеджер,май 2014 - апр 2016 (2 года),FMCG,2.0
1,https://rabota.ua/cv/10107677,20.05.2014- 11.04.2016 ООО BI-ES Косметикс Украина,Опыт работы,июл 2012 - апр 2014 (1 год 10 мес),FMCG,1.83
2,https://rabota.ua/cv/10107677,Должность,сфера деятельности,апр 2011 - апр 2012 (1 год 1 мес),FMCG,1.08
3,https://rabota.ua/cv/10107677,обязанности:,Цель должности:,апр 2008 - фев 2011 (2 года 11 мес),FMCG,2.92
4,https://rabota.ua/cv/10107677,Территориальный менеджер,-,сен 2006 - апр 2008 (1 год 8 мес),FMCG,1.67
0,https://rabota.ua/cv/4979722,"JUSTIN, Поштові послуги",Директор по маркетингу,май 2018 - янв 2019 (9 мес),Транспорт и Логистика,0.75
1,https://rabota.ua/cv/4979722,FLAGMAN,Директор по маркетингу и рекламе,окт 2016 - окт 2017 (1 год 1 мес),Торговля,1.08
2,https://rabota.ua/cv/4979722,"Сеть супермаркетов ""Континет""",Начальник отдела маркетинга,июл 2014 - окт 2016 (2 года 4 мес),FMCG,2.33
3,https://rabota.ua/cv/4979722,сеть супермаркетов «Чумацкий шлях»,Директор по маркетингу и рекламе,окт 2012 - янв 2013 (4 мес),FMCG,0.33
4,https://rabota.ua/cv/4979722,CORAL TRAVEL UKRAINE,Начальник отдела маркетинга,сен 2011 - окт 2012 (1 год 2 мес),Туризм,1.17
5,https://rabota.ua/cv/4979722,"Сеть супермаркетов ""Велика Кишеня""",Начальник отдела маркетинга,дек 2009 - сен 2011 (1 год 10 мес),FMCG,1.83
6,https://rabota.ua/cv/4979722,Управляющая компания сети гипермаркетов КАРАВАН,Маркетолог,апр 2008 - авг 2009 (1 год 5 мес),FMCG,1.42
7,https://rabota.ua/cv/4979722,ООО КДС,Директор,сен 2003 - дек 2007 (4 года 4 мес),Транспорт и Логистика,4.33
8,https://rabota.ua/cv/4979722,ООО Кипос,Коммерческий директор,ноя 2001 - сен 2003 (1 год 11 мес),Транспорт и Логистика,1.92
0,https://rabota.ua/cv/8099458,Выборы,Руководитель мобильной аудиторской группы,сен 2018 - май 2019 (9 мес),Другое,0.75
1,https://rabota.ua/cv/8099458,"ООО ""Вирастар""",Директор по продажам,авг 2016 - сен 2018 (2 года 2 мес),Другое,2.17
2,https://rabota.ua/cv/8099458,"ТОВ ""МОСТ-Украина""",Коммерческий директор,янв 2016 - сен 2016 (9 мес),Торговля,0.75
3,https://rabota.ua/cv/8099458,"ТОО""Graine house-555""",Директор филиала,фев 2015 - сен 2015 (8 мес),Торговля,0.67
4,https://rabota.ua/cv/8099458,Директор филиала,Генеральный директор,апр 2013 - фев 2015 (1 год 11 мес),Торговля,1.92
5,https://rabota.ua/cv/8099458,Коммерческий директор,"ТОВ ""УДК""",сен 2012 - мар 2013 (7 мес),Торговля,0.58
6,https://rabota.ua/cv/8099458,"ТОВ ""УДК""",Супервайзер торговых представителей,сен 2010 - май 2012 (1 год 9 мес),FMCG,1.75
7,https://rabota.ua/cv/8099458,Кока-Кола Беверіджиз Україна,Торговый представитель,сен 2006 - окт 2010 (4 года 2 мес),Торговля,4.17
0,https://rabota.ua/cv/6558205,"ТОВ ""Марк-Крок""",Директор,дек 2014 - сен 2019 (4 года 10 мес),Реклама / Маркетинг / PR-услуги,4.83
1,https://rabota.ua/cv/6558205,Shoes Sport,Директор (операционный),авг 2016 - авг 2019 (3 года 1 мес),Реклама / Маркетинг / PR-услуги,3.08
2,https://rabota.ua/cv/6558205,Profimport,Руководитель отдела мебель,янв 2015 - авг 2016 (1 год 8 мес),Реклама / Маркетинг / PR-услуги,1.67
3,https://rabota.ua/cv/6558205,Региональный менеджер,Руководитель группы Интерьера,июн 2011 - дек 2014 (3 года 7 мес),Реклама / Маркетинг / PR-услуги,3.58
4,https://rabota.ua/cv/6558205,Директор по продажам,ЗАО «ПО»КОНТИ»,апр 2010 - июн 2011 (1 год 3 мес),Реклама / Маркетинг / PR-услуги,1.25
5,https://rabota.ua/cv/6558205,Key Account Manager,Зам. Начальника отдела продаж по Украине,апр 2008 - апр 2010 (2 года 1 мес),Реклама / Маркетинг / PR-услуги,2.08
6,https://rabota.ua/cv/6558205,Торговый представитель по ключевым клиентам VIP отдел,АО «ПО»КОНТИ»,авг 2007 - апр 2008 (9 мес),Реклама / Маркетинг / PR-услуги,0.75
7,https://rabota.ua/cv/6558205,Торговый представитель розничного отдела,"ЗАО ""ПО""КОНТИ""",янв 2006 - авг 2007 (1 год 8 мес),Реклама / Маркетинг / PR-услуги,1.67
0,https://rabota.ua/cv/7140503,"ООО ""ДДС""",Заместитель директора по работе с ключевыми клиентами,фев 2014 - настоящее время (5 лет 11 мес),FMCG,5.92
1,https://rabota.ua/cv/7140503,"Директор по продажам ТД ""Инкерман""",Руководитель маркетингового отдела ООО «ДДС»,окт 2009 - фев 2014 (4 года 5 мес),FMCG,4.42
2,https://rabota.ua/cv/7140503,ТД «ХЗШВ»,Директор по продажам,май 2008 - окт 2009 (1 год 6 мес),FMCG,1.5
3,https://rabota.ua/cv/7140503,"НАК ""Олимп""",Национальный менеджер по ключевым клиентам,авг 2007 - май 2008 (10 мес),FMCG,0.83
4,https://rabota.ua/cv/7140503,Директор по персоналу,Национальный менеджер по продажам,янв 2006 - авг 2007 (1 год 8 мес),FMCG,1.67
5,https://rabota.ua/cv/7140503,"НАК ""Олимп""",Региональный менеджер,мар 2004 - янв 2006 (1 год 11 мес),FMCG,1.92
0,https://rabota.ua/cv/7040555,Компания «Сонях» / ФЛП Бенкалюк А.Е. (Винница),Коммерческий директор,фев 2015 - ноя 2016 (1 год 10 мес),FMCG,1.83
1,https://rabota.ua/cv/7040555,ООО «КР-Трейд» (Киев),"Заместитель директора, коммерческий директор, директор",дек 2008 - янв 2015 (6 лет 2 мес),FMCG,6.17
2,https://rabota.ua/cv/7040555,ООО «Рідна Марка корп» (концерн «Укрпроминвест»),Директор департамента продаж,ноя 2005 - ноя 2008 (3 года 1 мес),FMCG,3.08
3,https://rabota.ua/cv/7040555,ДП «Рідна Марка» (концерн «Укрпроминвест»),Директор филиала. Дивизиональный менеджер (Западная Украина).,сен 2003 - ноя 2005 (2 года 3 мес),FMCG,2.25
4,https://rabota.ua/cv/7040555,ООО «Футбольный клуб «Нива Винница»,Специалист. Консультант. Заместитель директора.,апр 1997 - авг 2003 (6 лет 5 мес),Другое,6.42
5,https://rabota.ua/cv/7040555,Производственное объединение «Октябрь» г. Винница.,Экономист. Диспетчер. Заместитель начальника цеха.,сен 1986 - фев 1997 (10 лет 6 мес),Промышленность,10.5
0,https://rabota.ua/cv/5038255,АВК Конфекшинери,Менеджер ВЭД,авг 2017 - настоящее время (2 года 5 мес),FMCG,2.42
1,https://rabota.ua/cv/5038255,"Лакталис Группа / Lactalis Group, ТМ PRESIDENT",Старший менеджер по работе с ключевыми клиентами,окт 2014 - авг 2017 (2 года 11 мес),FMCG,2.92
2,https://rabota.ua/cv/5038255,Менеджер ВЭД,.,сен 2016 - июл 2017 (11 мес),FMCG,0.92
3,https://rabota.ua/cv/5038255,Национальный менеджер по продажам,Овостар Юнион,фев 2009 - сен 2014 (5 лет 8 мес),FMCG,5.67
4,https://rabota.ua/cv/5038255,Менеджер по работе с ключевыми клиентами,Арнест Украина,дек 2007 - янв 2009 (1 год 2 мес),FMCG,1.17
5,https://rabota.ua/cv/5038255,%.,Арнест Украина,фев 2006 - июн 2007 (1 год 5 мес),Торговля,1.42
6,https://rabota.ua/cv/5038255,САВСЕРВИС,Директор филиала,окт 2003 - янв 2006 (2 года 4 мес),Торговля,2.33
7,https://rabota.ua/cv/5038255,САВСЕРВИС,Руководитель отдела торгового маркетинга,ноя 2001 - авг 2003 (1 год 10 мес),FMCG,1.83
0,https://rabota.ua/cv/10103573,ООО «ПКП КОМКОР»,Начальник отдела продаж,фев 2017 - июл 2019 (2 года 6 мес),Торговля оптовая / Дистрибуция / Импорт-экспорт,2.5
1,https://rabota.ua/cv/10103573,Ведущий менеджер по развитию сбыта на рынках СН,Направление:,июл 2015 - июн 2016 (1 год),Торговля оптовая / Дистрибуция / Импорт-экспорт,1.0
2,https://rabota.ua/cv/10103573,Генеральный директор,"ООО «DEZEGA Холдинг Украина, Киев",окт 2008 - июл 2015 (6 лет 10 мес),Торговля оптовая / Дистрибуция / Импорт-экспорт,6.83
3,https://rabota.ua/cv/10103573,Руководитель отдела региональных продаж,ООО «Вебер Комеханикс Украина»,ноя 2007 - ноя 2008 (1 год 1 мес),Торговля оптовая / Дистрибуция / Импорт-экспорт,1.08
4,https://rabota.ua/cv/10103573,Национальный менеджер по продажам,ООО «EuroCell»,апр 2005 - окт 2007 (2 года 7 мес),Торговля оптовая / Дистрибуция / Импорт-экспорт,2.58
5,https://rabota.ua/cv/10103573,региональный менеджер по продажам,ООО «Первая Парфюмерная Компания» Корпорация «Олимп» г. Донецк.,сен 2003 - апр 2005 (1 год 8 мес),Торговля оптовая / Дистрибуция / Импорт-экспорт,1.67
6,https://rabota.ua/cv/10103573,ЗАО «Ланит - Iv Com»,Сервисный инженер,июн 1999 - сен 2003 (4 года 4 мес),Торговля оптовая / Дистрибуция / Импорт-экспорт,4.33
7,https://rabota.ua/cv/10103573,АО Николаевский Пивзавод “Янтарь” компании «САН Интербрю Украина»,Инженер-электронщик,авг 1997 - окт 1998 (1 год 3 мес),Торговля оптовая / Дистрибуция / Импорт-экспорт,1.25
0,https://rabota.ua/cv/9395624,"Андрушевский маслосырзавод, ООО",Региональный менеджер,июл 2018 - настоящее время (1 год 6 мес),FMCG,1.5
1,https://rabota.ua/cv/9395624,"ООО ""Молочный Альянс""",Региональный КАМ,май 2017 - сен 2017 (5 мес),FMCG,0.42
2,https://rabota.ua/cv/9395624,ООО Юника сервис( Гранд Дистрибушн),Начальник отдела логистики,май 2016 - май 2017 (1 год 1 мес),FMCG,1.08
3,https://rabota.ua/cv/9395624,Стабфор,Директор филиала,июн 2015 - май 2016 (1 год),FMCG,1.0
4,https://rabota.ua/cv/9395624,Стабфор,Начальник торгового отдела,июл 2014 - июн 2015 (1 год),FMCG,1.0
5,https://rabota.ua/cv/9395624,Гормолзавод ГМЗ Одесса,Коммерческий директор,янв 2013 - июл 2014 (1 год 7 мес),FMCG,1.58
6,https://rabota.ua/cv/9395624,ООО Провими,Региональный менеджер(ЮГ),ноя 2010 - янв 2013 (2 года 3 мес),FMCG,2.25
7,https://rabota.ua/cv/9395624,ООО Данон,Региональный менеджер(ЮГ),ноя 2008 - окт 2010 (2 года),FMCG,2.0
8,https://rabota.ua/cv/9395624,ООО Данон,"Менеджер Филиала, г.Одесса",апр 2001 - ноя 2008 (7 лет 8 мес),FMCG,7.67
0,https://rabota.ua/cv/5053850,"Корпорация АСКО-УКРЕМ национальный производитель электротехнической продукции, Киев",Национальный менеджер,янв 2018 - настоящее время (2 год),Электроника и электротехника,2.0
1,https://rabota.ua/cv/5053850,"Мастер-Кабель Украина, ООО (ИНТЕРЭЛЕКТРО)",Региональный директор,ноя 2015 - дек 2017 (2 года 2 мес),Электроника и электротехника,2.17
2,https://rabota.ua/cv/5053850,"УАК Олимп, ТМ PRIME, ТМ Малиновка,ТМ Истинная,ТМ Плакучая Ива",Директор филиала г.Запорожье,июн 2014 - ноя 2015 (1 год 6 мес),Электроника и электротехника,1.5
3,https://rabota.ua/cv/5053850,Коммерческий директор,RSM,янв 2012 - июн 2014 (2 года 6 мес),FMCG,2.5
4,https://rabota.ua/cv/5053850,Директор предприятия,Дистрибуционная компания FMCG г.Днепропетровск,май 2009 - янв 2012 (2 года 9 мес),FMCG,2.75
5,https://rabota.ua/cv/5053850,Региональный директор,"ООО ТД ""Таврия-профит"" Кр.р-Днепропетровск",янв 2007 - май 2009 (2 года 5 мес),FMCG,2.42
6,https://rabota.ua/cv/5053850,Директор филиала,"ООО ТД ""МОЛИС""",ноя 2004 - дек 2006 (2 года 2 мес),FMCG,2.17
7,https://rabota.ua/cv/5053850,Начальник торгового отдела,ООО ТФ МОЛИС,мар 2004 - ноя 2004 (9 мес),FMCG,0.75
8,https://rabota.ua/cv/5053850,SV Запорожского ф-ла,"ООО ""Агрокосм""",сен 2003 - мар 2004 (7 мес),FMCG,0.58
9,https://rabota.ua/cv/5053850,ASM (территориальный менеджер),"ООО ""Агрокосм""",дек 2002 - авг 2003 (9 мес),FMCG,0.75
0,https://rabota.ua/cv/5817722,"""Международная дистрибуция и логистика"" Бытовая химия, фарм-косметика, парфумерия",Коммерческий директор,сен 2013 - настоящее время (6 лет 4 мес),FMCG,6.33
1,https://rabota.ua/cv/5817722,Сплат Косметикс,Дивизионный менеджер по продажам (Центральный и Западный регион 13 областей).,авг 2012 - сен 2013 (1 год 2 мес),FMCG,1.17
2,https://rabota.ua/cv/5817722,Evyap,Региональный менеджер (Восточный регион),окт 2008 - май 2012 (3 года 8 мес),FMCG,3.67
3,https://rabota.ua/cv/5817722,Evyap,"Территориальный менеджер (Кривой Рог, Кировоградская и Черкасская области).",мар 2007 - окт 2008 (1 год 8 мес),FMCG,1.67
4,https://rabota.ua/cv/5817722,Procter & Gamble / P&G / Проктер энд Гембл,Территориальный менеджер,июл 2004 - мар 2007 (2 года 9 мес),FMCG,2.75
0,https://rabota.ua/cv/13317005,"«Тринатурс-Украина» (туристический оператор: бронирование отелей и других туруслуг в мире через систему онлайн бронирования Bedsonline (часть TUI Travel), дистрибуция и работа в B2B-продажах","исполнительный директор, генеральный директор",фев 2006 - настоящее время (13 лет 11 мес),Туризм / Путешествия / Пассажирские перевозки,13.92
1,https://rabota.ua/cv/13317005,"компания «Баядера-Импорт», г. Киев,","начальник продаж по г. Киев, начальник регионального отдела продаж;",авг 2002 - апр 2005 (2 года 9 мес),Туризм / Путешествия / Пассажирские перевозки,2.75
2,https://rabota.ua/cv/13317005,"компания «Сандора», г. Николаев, г.Киев","директор филиала в Киеве (открытие филиала и построение дистрибьюторской сети по Киеву), начальник о",июл 1997 - ноя 2000 (3 года 5 мес),Туризм / Путешествия / Пассажирские перевозки,3.42
0,https://rabota.ua/cv/8091063,Strauss Ukraine,National Sales Manager,окт 2016 - настоящее время (3 года 3 мес),Торговля оптовая / Дистрибуция / Импорт-экспорт,3.25
1,https://rabota.ua/cv/8091063,"ООО ""Аквафрост"" Группа компаний UFC",Заместитель Коммерческого Директора,сен 2015 - окт 2016 (1 год 2 мес),Торговля оптовая / Дистрибуция / Импорт-экспорт,1.17
2,https://rabota.ua/cv/8091063,Samsung Electronics,Regional Business Manager,сен 2012 - сен 2015 (3 года 1 мес),Торговля оптовая / Дистрибуция / Импорт-экспорт,3.08
3,https://rabota.ua/cv/8091063,Business Development Sales Manager,Региональный Бизнес Менеджер «Samsung Electronics Ukraine»,ноя 2011 - сен 2012 (11 мес),Торговля оптовая / Дистрибуция / Импорт-экспорт,0.92
4,https://rabota.ua/cv/8091063,Санте-Алко,Санте-Алко,фев 2009 - ноя 2011 (2 года 10 мес),Торговля оптовая / Дистрибуция / Импорт-экспорт,2.83
5,https://rabota.ua/cv/8091063,"РЕГИОНАЛЬНЫЙ МЕНЕДЖЕР (RSM) ООО «Ферреро-Украина» Винницкая, Житомирская, Хмельницкая области.","МЕНЕДЖЕР ПО РАЗВИТИЮ БИЗНЕСА В УКРАИНЕ OOO «Санте-Алко». ТM ""BELUGA""",фев 2008 - фев 2009 (1 год 1 мес),Торговля оптовая / Дистрибуция / Импорт-экспорт,1.08
6,https://rabota.ua/cv/8091063,РЕГИОНАЛЬНЫЙ МЕНЕДЖЕР (RSM) ООО «Ферреро-Украина»,Ферреро Украина,янв 2004 - фев 2008 (4 года 2 мес),Торговля оптовая / Дистрибуция / Импорт-экспорт,4.17
0,https://rabota.ua/cv/6087481,FMCG,Руководитель  отдела продаж,ноя 2014 - настоящее время (5 лет 2 мес),FMCG,5.17
1,https://rabota.ua/cv/6087481,"""Торговый Дом Время"" (Дистрибуция Табачных изделий)",Директор по продажам (КОМПАНИЯ ЗАКРЫЛАСЬ В СВЯЗИ С БОЕВЫМИ ДЕЙСТВИЯМИ В СТРАНЕ.,апр 2014 - сен 2014 (6 мес),"более 500 сотрудников
					FMCG",0.5
2,https://rabota.ua/cv/6087481,"Заместитель Директора Регионального Структурного  Подразделения Одесского,Кировоградского региона.",Генеральный Директор,авг 2012 - окт 2013 (1 год 3 мес),FMCG,1.25
3,https://rabota.ua/cv/6087481,Дивизиональный Тренер.,ТОВ ТК «МЕГАПОЛИС УКРАИНА» ДИСТРИБУЦИЯ ТАБАЧНЫХ ИЗДЕЛИЙ,июн 2011 - май 2012 (1 год),FMCG,1.0
4,https://rabota.ua/cv/6087481,Территориальный менеджер,Кризис Менеджер,окт 2007 - сен 2011 (4 года),Медицина,4.0
0,https://rabota.ua/cv/6316501,Торговый Дом «TECHNOLOGY TRADE»  (B2B: Комплексные технологические  решения. Пищевые функциональные и вкусо-ароматические ингредиенты),Исполнительный директор,сен 2017 - настоящее время (2 года 4 мес),Услуги для бизнеса - другое,2.33
1,https://rabota.ua/cv/6316501,Обучение и консалтинг,11.09.17 по наст.время  - ИСПОЛНИТЕЛЬНЫЙ ДИРЕКТОР:,окт 2015 - сен 2017 (2 года),Услуги для бизнеса - другое,2.0
2,https://rabota.ua/cv/6316501,01.10.15 по 01.09.17г.,*,окт 2015 - июн 2016 (9 мес),Услуги для бизнеса - другое,0.75
3,https://rabota.ua/cv/6316501,"LTD «ISRA-BAR»,  Israel.",Управление проектами на территории Украины,дек 2014 - окт 2015 (11 мес),FMCG,0.92
4,https://rabota.ua/cv/6316501,"Директор Бизнес-направления ""Снэк""",01.10.15 по 01.06.16г.- УПРАВЛЕНИЕ ПРОЕКТАМИ НА ТЕРРИТОРИИ УКРАИНЫ:,июн 2014 - дек 2014 (7 мес),FMCG,0.58
5,https://rabota.ua/cv/6316501,01.12.14 по 01.10.15г. -ДИРЕКТОР БИЗНЕС-НАПРАВЛЕНИЯ «СНЭК»:,Корпорация  «S.GROUP»  (После разделение бизнеса корпорации S.I.Group),фев 2011 - май 2014 (3 года 4 мес),Услуги для бизнеса - другое,3.33
6,https://rabota.ua/cv/6316501,"Директор Бизнес-направления ""Дистрибьюция"":",",",янв 2007 - фев 2011 (4 года 2 мес),FMCG,4.17
7,https://rabota.ua/cv/6316501,25.06.14 по 01.12.14г -ДИРЕКТОР БИЗНЕС-НАПРАВЛЕНИЯ «ДИСТРИБЬЮЦИЯ»:,Корпорация  «S.GROUP»  (После разделение бизнеса корпорации S.I.Group),авг 2004 - янв 2007 (2 года 6 мес),FMCG,2.5
8,https://rabota.ua/cv/6316501,"Корпорация  «S.I.GROUP»   (FMCG: снэковая группа, бакалея, целлюлозно-бумажная)",Национальный директор,окт 2003 - июл 2004 (10 мес),Услуги для бизнеса - другое,0.83
0,https://rabota.ua/cv/9013065,"компания - ООО ""Фомальгаут-Полимин""",Директор по продажам республика Польша,янв 2019 - настоящее время (1 лет),Строительство,1.0
1,https://rabota.ua/cv/9013065,"компания - OOO  ""Фомальгаут Полимин""",Заместитель директора по продажам,янв 2018 - дек 2018 (1 лет),Строительство,1.0
2,https://rabota.ua/cv/9013065,"Global Spirits (ТМ Хортиця, Шустов, Ореанда, Благов, Медовуха)",Директор филиала г.Киев,апр 2015 - ноя 2017 (2 года 8 мес),Строительство,2.67
3,https://rabota.ua/cv/9013065,"Global Spirits (ТМ Хортиця, Шустов, Ореанда, Благов, Медовуха)",Директор филиала г.Харьков,апр 2013 - апр 2015 (2 года 1 мес),Строительство,2.08
4,https://rabota.ua/cv/9013065,"Global Spirits (ТМ Хортиця, Шустов, Ореанда, Благов, Медовуха)",Супервайзер ХоРеКа г.Харьков,ноя 2008 - апр 2013 (4 года 6 мес),FMCG,4.5
5,https://rabota.ua/cv/9013065,"Global Spirits (ТМ Хортиця, Шустов, Ореанда, Благов, Медовуха)",Торговий агент г.Донецк,янв 2006 - ноя 2008 (2 года 11 мес),FMCG,2.92
0,https://rabota.ua/cv/6116487,ТОВ БФ Астра (производство и торговля строительными материалами),"Руководитель департамента ""Сбыт Украина""",сен 2017 - мар 2018 (7 мес),Торговля оптовая / Дистрибуция / Импорт-экспорт,0.58
0,https://rabota.ua/cv/6881204,Skylark Servises,Консультант по развитию бизнеса/продаж (Business development consultant),янв 2017 - настоящее время (3 года),Консалтинг / Аудит,3.0
1,https://rabota.ua/cv/6881204,Директор по продажам и развитию компании,Управляющий партнер,июн 2016 - дек 2016 (7 мес),Консалтинг / Аудит,0.58
2,https://rabota.ua/cv/6881204,Собственник,"ЮД""Sofi""",дек 2014 - май 2016 (1 год 6 мес),Консалтинг / Аудит,1.5
3,https://rabota.ua/cv/6881204,BIGSUN Jewellery,Коммерческий директор,июл 2013 - фев 2014 (8 мес),Страхование,0.67
4,https://rabota.ua/cv/6881204,Директор по продажам и развитию  филиальной сети (BDM),Генеральный директор (Собственник),авг 2011 - май 2013 (1 год 10 мес),Страхование,1.83
5,https://rabota.ua/cv/6881204,Директор Агентской сети,MetLife Alico,окт 2007 - авг 2011 (3 года 11 мес),Страхование,3.92
6,https://rabota.ua/cv/6881204,"CK ""Aegon Life Ukraine""",Директор по управлению продажами в филиальной сети Компании,ноя 2006 - окт 2007 (1 год),Фармацевтика,1.0
7,https://rabota.ua/cv/6881204,Директор по продажам и развитию филиалов ( Agency Executive) Руководитель филиала  (Agency Manager);,Коммерческий директор (Член правления),янв 2003 - июн 2006 (3 года 6 мес),Консалтинг / Аудит,3.5
8,https://rabota.ua/cv/6881204,Директор агенства,"ТАС, Страховая компания, собственная агентская сеть",май 2001 - дек 2002 (1 год 8 мес),FMCG,1.67
9,https://rabota.ua/cv/6881204,000 «Эксимгруп»,Директор департамента региональных продаж.,фев 1998 - май 2001 (3 года 4 мес),FMCG,3.33
0,https://rabota.ua/cv/3244418,OLYMP Alcohol Company,Территориальный менеджер ( супервайзер непрямых продаж),авг 2017 - авг 2018 (1 год 1 мес),FMCG,1.08
1,https://rabota.ua/cv/3244418,Менеджер по продажам,Региональный директор,янв 2014 - июл 2017 (3 года 7 мес),FMCG,3.58
2,https://rabota.ua/cv/3244418,Менеджер по продажам,Спарта Электрик,авг 2012 - дек 2013 (1 год 5 мес),FMCG,1.42
3,https://rabota.ua/cv/3244418,Начальник отдела логистики  продуктовой группы товаров,Спарта Электрик,окт 2010 - май 2012 (1 год 8 мес),FMCG,1.67
4,https://rabota.ua/cv/3244418,Директор филиала,ООО СТВ-Центр,мар 2010 - окт 2010 (8 мес),FMCG,0.67
5,https://rabota.ua/cv/3244418,"Винодельческая компания ""Сатера""",Региональный менеджер по продажам,дек 2006 - янв 2010 (3 года 2 мес),FMCG,3.17
6,https://rabota.ua/cv/3244418,"ООО ДК ""Эллада""",Заместитель директора группы филиалов по логистике,июл 2005 - дек 2006 (1 год 6 мес),FMCG,1.5
7,https://rabota.ua/cv/3244418,"Руководитель торгового отдела, и.о. директора филиала",Директор Направления,авг 2002 - сен 2005 (3 года 2 мес),FMCG,3.17
0,https://rabota.ua/cv/10901172,"ООО ""Экобиотек-Украина""",Директор коммерческий,ноя 2016 - июн 2017 (8 мес),Промышленность и Производство,0.67
1,https://rabota.ua/cv/10901172,Хорольский МККДП,Ведущий внешне экономического проекта,авг 2015 - ноя 2016 (1 год 4 мес),Промышленность и Производство,1.33
2,https://rabota.ua/cv/10901172,"ООО ""Европродукт""",Директор двух Крымских филиалов (RSM),янв 2011 - июн 2015 (4 года 6 мес),Промышленность и Производство,4.5
3,https://rabota.ua/cv/10901172,ЧП Сокульский Н. В.,Супервайзер FMCG,сен 2010 - янв 2011 (5 мес),Промышленность и Производство,0.42
4,https://rabota.ua/cv/10901172,Менеджер по продажам продуктов питания,Функциональные обязанности:,авг 2004 - авг 2010 (6 лет 1 мес),Торговля,6.08
0,https://rabota.ua/cv/7211947,"OOO ""Белмар Юг""",Исполнительный директор,окт 2015 - май 2016 (8 мес),Промышленность и Производство,0.67
1,https://rabota.ua/cv/7211947,SC Johnson,Regional Sales Manager,июн 2011 - авг 2014 (3 года 3 мес),FMCG,3.25
2,https://rabota.ua/cv/7211947,Директор по продажам,Директор по продажам,июл 2008 - июн 2011 (3 года),Промышленность и Производство,3.0
3,https://rabota.ua/cv/7211947,ООО «Бетта-Сервис»,Директор филиала,окт 2004 - окт 2007 (3 года 1 мес),Торговля,3.08
4,https://rabota.ua/cv/7211947,Коммерческий директор,Директор по продажам,авг 2003 - сен 2004 (1 год 2 мес),Промышленность и Производство,1.17
5,https://rabota.ua/cv/7211947,Area Sales Manager,Полуостров,июл 2002 - июл 2003 (1 год 1 мес),Промышленность и Производство,1.08
6,https://rabota.ua/cv/7211947,Начальник отдела планирования и логистики,ООО «Торговый Дом ЮПП»,мар 2000 - июл 2002 (2 года 5 мес),Промышленность и Производство,2.42
7,https://rabota.ua/cv/7211947,Директор направления,ООО «Норма - Трейд»,июн 1997 - мар 2000 (2 года 10 мес),Промышленность и Производство,2.83
0,https://rabota.ua/cv/12003613,"ООО ""Первый Киевский молочный завод""",Директор,май 2018 - апр 2019 (1 год),FMCG,1.0
1,https://rabota.ua/cv/12003613,"ООО ""Первый столичный хлебозавод""  ТМ Царь Хлеб",Заместитель директора по коммерческо-маркетинговым вопросам,янв 2013 - окт 2017 (4 года 10 мес),FMCG,4.83
2,https://rabota.ua/cv/12003613,ФУНКЦИОНАЛ В ПРОДАЖАХ:,ФУНКЦИОНАЛ В ПРОИЗВОДСТВЕ:,июн 2012 - ноя 2012 (6 мес),FMCG,0.5
3,https://rabota.ua/cv/12003613,ФУНКЦИОНАЛ В МАРКЕТИНГЕ:,ФУНКЦИОНАЛ ПО КАНАЛУ СБЫТА КА и PL:,окт 2010 - май 2012 (1 год 8 мес),FMCG,1.67
4,https://rabota.ua/cv/12003613,ФУНКЦИОНАЛ В СНАБЖЕНИИ:,ФУНКЦИОНАЛ В ЛОГИСТИКЕ:,ноя 2005 - май 2010 (4 года 7 мес),FMCG,4.58
5,https://rabota.ua/cv/12003613,Собственник компании,РЕЗУЛЬТАТЫ:,авг 2004 - окт 2005 (1 год 3 мес),FMCG,1.25
0,https://rabota.ua/cv/7513163,"""Астекс Трейдинг""",Руководитель направления «Пленки» (новый проект).,окт 2014 - мар 2015 (6 мес),Промышленность,0.5
1,https://rabota.ua/cv/7513163,Директор,Функции и обязанности:,авг 2012 - окт 2014 (2 года 3 мес),FMCG,2.25
2,https://rabota.ua/cv/7513163,Функции и обязанности:,"Филиал «Харьковский» ""Аскания Дистрибьюшн""",мар 2004 - авг 2012 (8 лет 6 мес),FMCG,8.5
3,https://rabota.ua/cv/7513163,"""Аскания Дистрибьюшн Юг""",Начальник отдела продаж.,мар 2003 - фев 2004 (1 год),FMCG,1.0
4,https://rabota.ua/cv/7513163,Генеральний менеджер,Функции и обязанности:,авг 2002 - фев 2003 (7 мес),FMCG,0.58
5,https://rabota.ua/cv/7513163,Функции и обязанности:,Мозаика,июл 2001 - июл 2002 (1 год 1 мес),FMCG,1.08
6,https://rabota.ua/cv/7513163,Мозаика,Менеджер.,май 2000 - июн 2001 (1 год 2 мес),FMCG,1.17
7,https://rabota.ua/cv/7513163,Супервайзер г. Николаева и Николаевской области.,Функции и обязанности:,мар 2000 - май 2000 (3 мес),FMCG,0.25
8,https://rabota.ua/cv/7513163,Функции и обязанности:,Крафт Фудз Украина,авг 1999 - мар 2000 (8 мес),FMCG,0.67
9,https://rabota.ua/cv/7513163,Крафт Фудс Украина,Супервайзер Одесской области и Молдовы.,июн 1999 - авг 1999 (3 мес),FMCG,0.25
10,https://rabota.ua/cv/7513163,Исполняющий обязанности координатора в г. Одесса,Функции и обязанности:,янв 1997 - июн 1999 (2 года 6 мес),Торговля,2.5
11,https://rabota.ua/cv/7513163,Функции и обязанности:,Крафт Фудс Украина,авг 1996 - май 1997 (10 мес),Энергетика,0.83
0,https://rabota.ua/cv/6017984,ТОВ Профтрейд Текстиль,Директор по продажам,окт 2013 - сен 2017 (4 года),FMCG,4.0
1,https://rabota.ua/cv/6017984,"ООО ""Аркапласт""",Директор по продажам,сен 2011 - сен 2013 (2 года 1 мес),FMCG,2.08
2,https://rabota.ua/cv/6017984,ФОП Ткаченко,Директор по продажам,янв 2011 - сен 2011 (9 мес),FMCG,0.75
3,https://rabota.ua/cv/6017984,ООО «Петрус-Алко» (продажа алкогольных напитков),Руководитель отдела продаж,янв 2010 - янв 2011 (1 год 1 мес),FMCG,1.08
4,https://rabota.ua/cv/6017984,Должность: Региональный менеджер по продажам г. Киева,Должность,янв 2009 - янв 2010 (1 год 1 мес),FMCG,1.08
5,https://rabota.ua/cv/6017984,Национальный директор по продажам,-,мар 2004 - янв 2009 (4 года 11 мес),FMCG,4.92
0,https://rabota.ua/cv/5651016,"Частный предприниматель,(розничная торговля)",Директор предприятия,янв 2012 - настоящее время (8 лет),Торговля,8.0
1,https://rabota.ua/cv/5651016,сент 2011 -янв 2012,янв 2012 -,фев 1997 - окт 2007 (10 лет 9 мес),FMCG,10.75
0,https://rabota.ua/cv/3953230,"Phebert Holdings Ltd, Кипр",Коммерческий директор,сен 2011 - сен 2016 (5 лет 1 мес),FMCG,5.08
1,https://rabota.ua/cv/3953230,ОАО «Мироновский Хлебопродукт»,Региональный  менеджер по  продажам. Днепропетровский  регион,июн 2007 - апр 2011 (3 года 11 мес),FMCG,3.92
2,https://rabota.ua/cv/3953230,ООО Торговый Дом «АРДА»,Директор по продажам,авг 2003 - сен 2006 (3 года 2 мес),FMCG,3.17
3,https://rabota.ua/cv/3953230,Avon Cosmetics Ukraine,Менеджер по развитию бизнеса,фев 2002 - июл 2003 (1 год 6 мес),FMCG,1.5
4,https://rabota.ua/cv/3953230,Reemtsma Ukraine,Руководитель Днепропетровского представительства,май 2000 - сен 2001 (1 год 5 мес),FMCG,1.42
5,https://rabota.ua/cv/3953230,Coca-Cola Beverages Ukraine,Директор филиала,окт 1995 - май 2000 (4 года 8 мес),FMCG,4.67
0,https://rabota.ua/cv/8166398,"Лубенский молочный завод, ТОВ",Коммерческий директор,мар 2015 - июн 2015 (4 мес),FMCG,0.33
1,https://rabota.ua/cv/8166398,DANONE,Региональный менеджер,сен 2010 - июл 2014 (3 года 11 мес),FMCG,3.92
2,https://rabota.ua/cv/8166398,"Юнимилк - Украина""",Региональный менеджер,июл 2006 - сен 2010 (4 года 3 мес),FMCG,4.25
0,https://rabota.ua/cv/2901080,"ООО""Твой Производитель""",Начальник Отдела Прямых Продаж,ноя 2016 - июл 2018 (1 год 9 мес),FMCG,1.75
1,https://rabota.ua/cv/2901080,"ООО ""Элитэкс""",Коммерческий директор,окт 2015 - окт 2016 (1 год 1 мес),FMCG,1.08
2,https://rabota.ua/cv/2901080,"ООО ""220""","Директор Донецкого, Симферопольского, Хмельницкого  ф-ла",окт 2013 - авг 2015 (1 год 11 мес),Торговля,1.92
3,https://rabota.ua/cv/2901080,"Украинские минеральные воды, ООО Корпорация",Менеджер по региональному развитию,апр 2012 - окт 2013 (1 год 7 мес),FMCG,1.58
4,https://rabota.ua/cv/2901080,"ООО ""СТЛ""",Коммерческий директор,июн 2011 - мар 2012 (10 мес),FMCG,0.83
5,https://rabota.ua/cv/2901080,"ООО ""Фрут Сервис""",Директор компании,мар 2010 - май 2011 (1 год 3 мес),FMCG,1.25
6,https://rabota.ua/cv/2901080,"ООО ""Кременчугмясо""",Директор Торгового Дома,фев 2008 - мар 2010 (2 года 2 мес),FMCG,2.17
7,https://rabota.ua/cv/2901080,ЧП Кузнецова А.Н.,Коммерческий директор,июн 2004 - янв 2008 (3 года 8 мес),FMCG,3.67
8,https://rabota.ua/cv/2901080,ЧП Кузнецова А.Н.,Директор Горловского филиала,фев 2003 - июн 2004 (1 год 5 мес),FMCG,1.42
9,https://rabota.ua/cv/2901080,"ООО ""Витэл""",Руководитель отдела продаж,апр 2002 - янв 2003 (10 мес),FMCG,0.83
10,https://rabota.ua/cv/2901080,"ООО ""Элит Украина""",Территориальный менеджер,ноя 2001 - апр 2002 (6 мес),FMCG,0.5
11,https://rabota.ua/cv/2901080,"ЗАО ""ИДС"" тм ""Миргородская""",Торговый представитель,авг 2000 - ноя 2001 (1 год 4 мес),FMCG,1.33
12,https://rabota.ua/cv/2901080,"ООО ""Pepsi Ukraine LTD""",Торговый представитель,фев 1998 - май 2000 (2 года 4 мес),FMCG,2.33
0,https://rabota.ua/cv/7587333,"Гладкий А.Г., ФЛП",Директор филиала,авг 2014 - настоящее время (5 лет 5 мес),Торговля,5.42
1,https://rabota.ua/cv/7587333,Региональный менеджер FMCG,директор филиала,апр 2012 - авг 2014 (2 года 5 мес),FMCG,2.42
2,https://rabota.ua/cv/7587333,Директор филиала,"ООО ""Лорадо Украина""",мар 2006 - авг 2010 (4 года 6 мес),FMCG,4.5
0,https://rabota.ua/cv/7501566,Сеть детских развлекательных комплексов,Руководитель направления по работе с партнерами,авг 2018 - настоящее время (1 год 5 мес),Отели / Рестораны / Развлекательные комплексы,1.42
1,https://rabota.ua/cv/7501566,Торговый дом.,Региональный директор,мар 2016 - дек 2017 (1 год 10 мес),Отели / Рестораны / Развлекательные комплексы,1.83
2,https://rabota.ua/cv/7501566,"""ПАК-Экспо Лизинг"" (группа компаний)",Коммерческий директор,июн 2015 - дек 2015 (7 мес),Услуги,0.58
3,https://rabota.ua/cv/7501566,"""Астрал-Украина""",Директор розничной сети,июн 2009 - окт 2014 (5 лет 5 мес),Отели / Рестораны / Развлекательные комплексы,5.42
4,https://rabota.ua/cv/7501566,"""Коттон Клаб Украина""",Коммерческий директор,мар 2006 - июн 2009 (3 года 4 мес),Торговля,3.33
5,https://rabota.ua/cv/7501566,"""Боно-Украина""",Руководитель направления по работе с сетями,янв 2005 - ноя 2005 (11 мес),Торговля,0.92
6,https://rabota.ua/cv/7501566,"""Первая Национальная Мыловаренная компания""",Начальник отдела продаж,май 2003 - ноя 2004 (1 год 7 мес),FMCG,1.58
7,https://rabota.ua/cv/7501566,"""Вимм-Билль-Данн""",Региональный менеджер FMCG,окт 2000 - май 2003 (2 года 8 мес),FMCG,2.67
0,https://rabota.ua/cv/6486194,Skylark Servises,Консультант по развитию бизнеса/продаж (Business  development consultant),янв 2017 - настоящее время (3 года),Консалтинг / Аудит,3.0
1,https://rabota.ua/cv/6486194,Директор по продажам и развитию компании,Управляющий партнер,июн 2016 - дек 2016 (7 мес),Консалтинг / Аудит,0.58
2,https://rabota.ua/cv/6486194,Коммерческий директор (CSO),"ЮД ""Sofi""",дек 2014 - май 2016 (1 год 6 мес),Торговля,1.5
3,https://rabota.ua/cv/6486194,Директор по продажам и развитию филиальной сети компании (BDM),BIGSUN Jewellery,июн 2013 - дек 2013 (7 мес),Страхование,0.58
4,https://rabota.ua/cv/6486194,Директор по управлению филиальными продажами,MetLife Alico,июл 2011 - апр 2013 (1 год 10 мес),Страхование,1.83
5,https://rabota.ua/cv/6486194,Директор по продажам и развитию филиалов ( Agency Executive) Руководитель филиала  (Agency Manager);,"CK ""Aegon Life Ukraine""",окт 2007 - июл 2011 (3 года 10 мес),Консалтинг / Аудит,3.83
6,https://rabota.ua/cv/6486194,Директор департамента филиальных продаж.,"ТАС, Страховая компания,  Филиальная сеть компании",ноя 2006 - окт 2007 (1 год),Консалтинг / Аудит,1.0
7,https://rabota.ua/cv/6486194,Коммерческий директор.,Эксим Групп,янв 2003 - июн 2006 (3 года 6 мес),Консалтинг / Аудит,3.5
8,https://rabota.ua/cv/6486194,Региональный менеджер Центрального региона (FMCG),Кава Трейд Украина (группа компаний «Чайный Мир»),дек 2001 - дек 2002 (1 год 1 мес),Консалтинг / Аудит,1.08
9,https://rabota.ua/cv/6486194,"Менеджер управления оптовых продаж, Кей Аккаунт менеджер (VIP)/Торговый представитель","Афина Групп, ООО (корпорация OLVIA)",фев 1999 - дек 2001 (2 года 11 мес),FMCG,2.92
0,https://rabota.ua/cv/6415800,Viasat,Национальный менеджер по дилерскому каналу продаж,окт 2016 - июл 2018 (1 год 10 мес),Телекоммуникации / Связь,1.83
1,https://rabota.ua/cv/6415800,Зам. директора по продажам,дилерский канал продаж,май 2015 - сен 2016 (1 год 5 мес),Телекоммуникации / Связь,1.42
2,https://rabota.ua/cv/6415800,Коммерческий директор,"ООО «Люботинский завод продтоваров""",июл 2013 - апр 2014 (10 мес),Телекоммуникации,0.83
3,https://rabota.ua/cv/6415800,дилерский канал продаж,FreshTel,июл 2011 - июл 2013 (2 года 1 мес),Телекоммуникации,2.08
4,https://rabota.ua/cv/6415800,отдел обслуживания,прямой канал продаж,сен 2010 - июн 2011 (10 мес),Торговля,0.83
5,https://rabota.ua/cv/6415800,"Украинские новейшие технологии, ТОВ",Руководитель дилерского отдела продаж,июн 2008 - июл 2010 (2 года 2 мес),Торговля,2.17
0,https://rabota.ua/cv/12998848,Ритейл Украина,Директор по логистике,дек 2018 - июн 2019 (7 мес),FMCG,0.58
1,https://rabota.ua/cv/12998848,Сильпо - Фуд,Зам. директора офиса логистики,апр 2012 - сен 2018 (6 лет 6 мес),FMCG,6.5
0,https://rabota.ua/cv/6971625,A FEDOROV,Основатель – A FEDOROV (авторская мастерская предметного дизайна),июн 2016 - настоящее время (3 года 7 мес),Архитектурные и дизайнерские бюро,3.58
1,https://rabota.ua/cv/6971625,Медицинская компания «ilaya» (ООО «А.А.ПАРТНЕРС»),Коммерческий директор,ноя 2015 - май 2016 (7 мес),Архитектурные и дизайнерские бюро,0.58
2,https://rabota.ua/cv/6971625,Медицинская лаборатория «Діла»,Руководитель Внешней службы.,сен 2013 - окт 2014 (1 год 2 мес),Архитектурные и дизайнерские бюро,1.17
3,https://rabota.ua/cv/6971625,LLC «V-Retail»,Директор,окт 2010 - сен 2012 (2 года),Архитектурные и дизайнерские бюро,2.0
4,https://rabota.ua/cv/6971625,OOO «Антакарана»,Генеральный директор,ноя 2007 - июн 2010 (2 года 8 мес),Архитектурные и дизайнерские бюро,2.67
5,https://rabota.ua/cv/6971625,OOO «Видеосервис Украина»,Директор по сбыту,авг 2005 - июн 2007 (1 год 11 мес),Архитектурные и дизайнерские бюро,1.92
6,https://rabota.ua/cv/6971625,ДП «Меркс мебель»,Заместитель управляющего департамента сбыта офисной мебели,янв 2001 - июл 2005 (4 года 7 мес),Архитектурные и дизайнерские бюро,4.58
0,https://rabota.ua/cv/7913258,"Симферопольский вино-коньяный завод, ООО",Директор по продажам в Центральном регионе,апр 2008 - настоящее время (11 лет 9 мес),FMCG,11.75
1,https://rabota.ua/cv/7913258,"Витмарк-Украина, ООО СП",Региональный менеджер,окт 2006 - мар 2008 (1 год 6 мес),FMCG,1.5
2,https://rabota.ua/cv/7913258,"Витмарк-Украина, ООО СП",Территориальный менеджер,янв 2005 - сен 2006 (1 год 9 мес),FMCG,1.75
3,https://rabota.ua/cv/7913258,"Витмарк-Украина, ООО СП",Супервайзер,сен 2004 - дек 2004 (4 мес),FMCG,0.33
4,https://rabota.ua/cv/7913258,"Витмарк-Украина, ООО СП",Торговый представитель,янв 2004 - авг 2004 (8 мес),FMCG,0.67
5,https://rabota.ua/cv/7913258,"Витмарк-Украина, ООО СП",Мерчендайзер,окт 2002 - дек 2003 (1 год 3 мес),FMCG,1.25
6,https://rabota.ua/cv/7913258,АгроКомплектСервис,Старший менеджер по продажам,окт 2000 - сен 2002 (2 года),АПК,2.0
0,https://rabota.ua/cv/13488121,ООО Тайфун-2000,коммерческий директор,окт 2018 - настоящее время (1 год 3 мес),FMCG,1.25
1,https://rabota.ua/cv/13488121,Данон Украина,Дивизиональный менеджер,сен 2010 - сен 2018 (8 лет 1 мес),FMCG,8.08
0,https://rabota.ua/cv/11926446,"ООО ""ХХХХХ""",Коммерческий директор,окт 2014 - настоящее время (5 лет 3 мес),Торговля оптовая / Дистрибуция / Импорт-экспорт,5.25
1,https://rabota.ua/cv/11926446,"10.2014г по настоящее время. ООО«ХХХХХ», г. Одесса, Украина.",ОПЫТ  РАБОТЫ:,май 2014 - окт 2014 (6 мес),Торговля оптовая / Дистрибуция / Импорт-экспорт,0.5
2,https://rabota.ua/cv/11926446,Должность: коммерческий директор,Специализация фирмы:,июл 2013 - мар 2014 (9 мес),Торговля оптовая / Дистрибуция / Импорт-экспорт,0.75
3,https://rabota.ua/cv/11926446,"ТМ  « Del Monte», «Outspan», «Choice».",Профессиональная деятельность (навыки):,янв 2009 - апр 2013 (4 года 4 мес),Торговля оптовая / Дистрибуция / Импорт-экспорт,4.33
4,https://rabota.ua/cv/11926446,ООО «Фаетон-Дистрибьюшн»,Дивизионный менеджер,апр 2006 - янв 2009 (2 года 10 мес),Торговля оптовая / Дистрибуция / Импорт-экспорт,2.83
5,https://rabota.ua/cv/11926446,Специализация фирмы:,"05. 2014г-10.2014г ООО «Фаетон-Дистрибьюшн», г. Одесса, Украина.",янв 2002 - мар 2006 (4 года 3 мес),Торговля оптовая / Дистрибуция / Импорт-экспорт,4.25
0,https://rabota.ua/cv/6240017,Алкогольная компания лидирующая на рынке Украины,Директор Киевского филиала,фев 2016 - настоящее время (3 года 11 мес),FMCG,3.92
1,https://rabota.ua/cv/6240017,Алеф-Веналь,Директор Киевского филиала,дек 2014 - фев 2016 (1 год 3 мес),FMCG,1.25
2,https://rabota.ua/cv/6240017,IFC ( Imports Foods Company) подразделение ТД Полякова . Продажа собственного алкогольного импорта.,"Региональный менеджер Центральной Украины ( Киев, Черкассы, Умань, Белая Церковь, Чернигов, Житомир,",янв 2013 - дек 2014 (2 год),FMCG,2.0
3,https://rabota.ua/cv/6240017,ТД Поляков,Руководитель отдела продаж,апр 2010 - май 2013 (3 года 2 мес),FMCG,3.17
0,https://rabota.ua/cv/4637418,MANE Ukraine,Коммерческий директор,июл 2018 - апр 2019 (10 мес),FMCG,0.83
1,https://rabota.ua/cv/4637418,"Миргородский Мясокомбинат, ""Мястория""",Операционный директор,янв 2016 - май 2018 (2 года 5 мес),FMCG,2.42
2,https://rabota.ua/cv/4637418,Fozzy Group / Фоззи,Коммерческий Директор,фев 2013 - дек 2015 (2 года 11 мес),FMCG,2.92
3,https://rabota.ua/cv/4637418,ROKOS,Директор филиала,янв 2012 - дек 2012 (1 лет),FMCG,1.0
4,https://rabota.ua/cv/4637418,Велика Кишеня,Директор направления «Рыба и морепродукты»,ноя 2010 - дек 2011 (1 год 2 мес),FMCG,1.17
5,https://rabota.ua/cv/4637418,Аляска,зам.Директора по Продажам,ноя 2006 - окт 2010 (4 года),FMCG,4.0
6,https://rabota.ua/cv/4637418,Предыдущий опыт:,Торговля,янв 2003 - ноя 2006 (3 года 11 мес),FMCG,3.92
0,https://rabota.ua/cv/5150430,"ТОВ ""Компания Редимилс Трейд""",Коммерческий директор,сен 2013 - настоящее время (6 лет 4 мес),FMCG,6.33
1,https://rabota.ua/cv/5150430,ТОВ «Петрус Кондитер»,Национальный менеджер по работе с VIP клиентами,сен 2012 - сен 2013 (1 год 1 мес),FMCG,1.08
2,https://rabota.ua/cv/5150430,Национальный менеджер по работе с ключевыми клиентами,Руководитель департамента,июн 2011 - сен 2012 (1 год 4 мес),FMCG,1.33
3,https://rabota.ua/cv/5150430,"-Проведение переговоров(годовые, текущие):","Интерснек Украина, ООО",окт 2010 - июн 2011 (9 мес),Торговля,0.75
4,https://rabota.ua/cv/5150430,- Контроль выполнения договоренностей;,"условия сотрудничества; листинг/ротация продукции ;планирование, проведение маркетинговых активностей; формирование планограм ;ассортиментные матрицы(в т.ч. по-форматно);",дек 2007 - авг 2010 (2 года 9 мес),FMCG,2.75
5,https://rabota.ua/cv/5150430,"-Прогнозирование, контроль эффективного использования бюджета;","-Проведение презентаций (сетям, дистрибьюторам, торговой команде);",июл 2006 - дек 2007 (1 год 6 мес),FMCG,1.5
6,https://rabota.ua/cv/5150430,-Планирование и контроль выполнения маркетинговых активностей;,-Планирование Forecast;,мар 2005 - июл 2006 (1 год 5 мес),FMCG,1.42
7,https://rabota.ua/cv/5150430,-Проведение аудита территории;,"-Работа с торговой командой, дистрибьюторами;",сен 2003 - мар 2005 (1 год 7 мес),Торговля,1.58
0,https://rabota.ua/cv/8165831,Южпромгруп,Коммерческий директор,сен 2016 - настоящее время (3 года 4 мес),FMCG,3.33
1,https://rabota.ua/cv/8165831,Харчи ООО,Коммерческий директор,янв 2016 - сен 2016 (9 мес),FMCG,0.75
2,https://rabota.ua/cv/8165831,•,•,янв 2011 - сен 2015 (4 года 9 мес),Отели,4.75
3,https://rabota.ua/cv/8165831,Региональный супервайзер,•,янв 2010 - дек 2010 (1 лет),Торговля,1.0
4,https://rabota.ua/cv/8165831,•,Фреш-Поинт,сен 2008 - дек 2009 (1 год 4 мес),FMCG,1.33
5,https://rabota.ua/cv/8165831,•,•,мар 2004 - июл 2008 (4 года 5 мес),FMCG,4.42
6,https://rabota.ua/cv/8165831,•,•,июн 2001 - мар 2004 (2 года 10 мес),Торговля,2.83
7,https://rabota.ua/cv/8165831,•,•,мар 2000 - июн 2001 (1 год 4 мес),Промышленность,1.33
8,https://rabota.ua/cv/8165831,Руководитель регионального подразделения,•,фев 1998 - мар 2000 (2 года 2 мес),Торговля,2.17
0,https://rabota.ua/cv/9514211,F.Formula Evolution Group,Руководитель,окт 2014 - настоящее время (5 лет 3 мес),Услуги для бизнеса - другое,5.25
1,https://rabota.ua/cv/9514211,F.Formula Distribution & Logistic Group(http://www.formula.com.ua),Директор,сен 2002 - окт 2014 (12 лет 2 мес),Услуги для бизнеса - другое,12.17
2,https://rabota.ua/cv/9514211,Wrigley Ukraine(http://www.wrigley.com),Руководитель по Развитию Бизнеса и Продаж,окт 1995 - сен 2002 (7 лет),Услуги для бизнеса - другое,7.0
3,https://rabota.ua/cv/9514211,JAPAN - CRIMEA CORPORATION,Коммерческий Директор,янв 1992 - окт 1995 (3 года 10 мес),Услуги для бизнеса - другое,3.83
0,https://rabota.ua/cv/7223610,"Росинка, ЧАО, КЗБН",Руководитель департамента продаж по работе с ключевыми клиентами,апр 2013 - мар 2015 (2 года),FMCG,2.0
1,https://rabota.ua/cv/7223610,Коммерческий директор,Заместитель генерального директора,мар 2012 - апр 2013 (1 год 2 мес),FMCG,1.17
2,https://rabota.ua/cv/7223610,Заместитель коммерческого директора,"Росинка, ЧАО, КЗБН",ноя 2011 - мар 2012 (5 мес),FMCG,0.42
3,https://rabota.ua/cv/7223610,Менеджер по работе с национальными сетями,"Росинка, ЧАО, КЗБН",апр 2010 - ноя 2011 (1 год 8 мес),FMCG,1.67
4,https://rabota.ua/cv/7223610,Региональный менеджер,"Росинка, ЧАО, КЗБН",авг 2002 - окт 2009 (7 лет 3 мес),Торговля,7.25
5,https://rabota.ua/cv/7223610,Торговый представитель,"Пилснер Украина, ДП",июн 1999 - мар 2002 (2 года 10 мес),Торговля,2.83
0,https://rabota.ua/cv/6510369,S.Group,Директор филиала,авг 2014 - настоящее время (5 лет 5 мес),FMCG,5.42
1,https://rabota.ua/cv/6510369,"Национальный менеджер (сегмент ключевая розница (Metro, Varus",Должностные обязанности:,окт 2012 - июл 2014 (1 год 10 мес),FMCG,1.83
2,https://rabota.ua/cv/6510369,Должностные обязанности:,Nemiroff,ноя 2010 - окт 2012 (2 года),FMCG,2.0
3,https://rabota.ua/cv/6510369,S. I. Group,"Национальный менеджер (сегмент HoReCa, национальные сети АЗС)",сен 2009 - окт 2010 (1 год 2 мес),FMCG,1.17
0,https://rabota.ua/cv/4760938,"С-транс, ООО / Inmilkco",Региональный менеджер FMCG,июн 2014 - настоящее время (5 лет 7 мес),FMCG,5.58
1,https://rabota.ua/cv/4760938,Геотранс,Коммерческий директор,янв 2013 - июн 2014 (1 год 6 мес),Торговля,1.5
2,https://rabota.ua/cv/4760938,ДП Милкиленд-Украина,руководитель отдела ВЭД,окт 2008 - дек 2012 (4 года 3 мес),"от 100 до 250 сотрудников
					FMCG",4.25
3,https://rabota.ua/cv/4760938,менеджер ВЭД,Директор ВЭД,ноя 2006 - авг 2008 (1 год 10 мес),FMCG,1.83
4,https://rabota.ua/cv/4760938,Торговый дом Любас,Менеджер по работе с торговыми сетями,июн 2003 - сен 2006 (3 года 4 мес),Торговля,3.33
0,https://rabota.ua/cv/12397708,"ПАО ""Хмельницкрыбхоз""",Директор,апр 2017 - настоящее время (2 года 9 мес),АПК (Агропромышленный комплекс),2.75
1,https://rabota.ua/cv/12397708,"(прудовое выращивание рыбы - карп, толстолобик, щука, судак, сом).",ПАО «Хмельницкрыбхоз» (в подчинении более 150 человек),май 2011 - апр 2017 (6 лет),АПК (Агропромышленный комплекс),6.0
2,https://rabota.ua/cv/12397708,- выстраивание бизнес процессов в постсоветском предприятии ;,Директор,июл 2010 - ноя 2011 (1 год 5 мес),АПК (Агропромышленный комплекс),1.42
3,https://rabota.ua/cv/12397708,"ГК ""Всесвит""",Руководитель департамента продаж,апр 2009 - июл 2010 (1 год 4 мес),АПК (Агропромышленный комплекс),1.33
4,https://rabota.ua/cv/12397708,"(производство, логистика и дистрибьюция - продукты питания).",2011 - 2017 ГК «Всесвит» (в подчинении 23 человека),мар 2001 - апр 2009 (8 лет 2 мес),АПК (Агропромышленный комплекс),8.17
0,https://rabota.ua/cv/13174285,Новус Украина,Руководитель отдела логистики,янв 2018 - настоящее время (2 год),FMCG,2.0
1,https://rabota.ua/cv/13174285,Мета Групп,Коммерческий директор,май 2012 - мар 2015 (2 года 11 мес),FMCG,2.92
2,https://rabota.ua/cv/13174285,"АЛЬТЕР П, ООО",Директор,авг 2010 - фев 2012 (1 год 7 мес),FMCG,1.58
3,https://rabota.ua/cv/13174285,Интертек,Директор,ноя 2003 - апр 2010 (6 лет 6 мес),FMCG,6.5
4,https://rabota.ua/cv/13174285,Філіп Морріс Україна*,Таможенный декларант,апр 2003 - окт 2003 (7 мес),FMCG,0.58
0,https://rabota.ua/cv/8220189,"ООО ""СПРЕЙФОРС""",CEO,фев 2018 - май 2019 (1 год 4 мес),Другое,1.33
1,https://rabota.ua/cv/8220189,Lesaffre Cesko a.s.,Консультант по развитию бизнеса,окт 2016 - авг 2017 (11 мес),Другое,0.92
2,https://rabota.ua/cv/8220189,"Национальный университет «Киево-Могилянская Академия», Киево-Могилянская бизнес-школа",Участник программы Executive MBA,ноя 2015 - июн 2017 (1 год 8 мес),Другое,1.67
3,https://rabota.ua/cv/8220189,"ПАО ""НАДЕЖДА"" предприятие французской группы «Lesaffre» производство дрожжей хлебопекарных",Председатель правления,июл 2006 - апр 2014 (7 лет 10 мес),Другое,7.83
4,https://rabota.ua/cv/8220189,ДП «Лакталис – Украина»,Исполнительный директор,апр 2005 - янв 2006 (10 мес),Другое,0.83
5,https://rabota.ua/cv/8220189,ДП «Лакталис – Днепр» ЗАО «Лакталис – Украина»,Исполнительный директор с функциями коммерческого директора,янв 2003 - сен 2005 (2 года 9 мес),Другое,2.75
0,https://rabota.ua/cv/4546874,PeatField Киев,"Коммерческий директор, производство FMCG",фев 2015 - настоящее время (4 года 11 мес),FMCG,4.92
1,https://rabota.ua/cv/4546874,Business development Director - Комерційний Директор,Возглавляю и координирую производственную работу цеха,май 2013 - янв 2015 (1 год 9 мес),Промышленность,1.75
2,https://rabota.ua/cv/4546874,"Киев, Украина","LEMBERGcoach©, MANengines",июн 2009 - май 2011 (2 года),FMCG,2.0
3,https://rabota.ua/cv/4546874,DIC Ltd. USA – Ukraine,"Коммерческий директор, руководитель отдела продаж, маркетинга",июл 2004 - фев 2009 (4 года 8 мес),FMCG,4.67
4,https://rabota.ua/cv/4546874,Трэйд-маркетинг менеджер Европейского региона,"15% . $2,500,000K profit,",май 2001 - апр 2003 (2 года),FMCG,2.0
5,https://rabota.ua/cv/4546874,Руководитель по Стратегии Бизнеса и Равития,"JOHNSON CONTROLS INC., Auburn Hills, MI Germany",апр 1998 - мар 2001 (3 года),Автомобильная,3.0
0,https://rabota.ua/cv/13856362,GoPro Ukraine (Экстрим Прайд),Коммерческий директор,мар 2018 - мар 2019 (1 год 1 мес),Торговля оптовая / Дистрибуция / Импорт-экспорт,1.08
1,https://rabota.ua/cv/13856362,HR директор,владелец,июн 2017 - янв 2018 (8 мес),Торговля оптовая / Дистрибуция / Импорт-экспорт,0.67
2,https://rabota.ua/cv/13856362,"AKS, Интернет-магазин и розничная сеть",Коммерческий директор,апр 2014 - апр 2017 (3 года 1 мес),Торговля оптовая / Дистрибуция / Импорт-экспорт,3.08
3,https://rabota.ua/cv/13856362,Директор по развитию,Административный директор,дек 2010 - мар 2014 (3 года 4 мес),Торговля оптовая / Дистрибуция / Импорт-экспорт,3.33
4,https://rabota.ua/cv/13856362,HR директор,ГК АРВ,дек 2008 - дек 2010 (2 года 1 мес),Торговля оптовая / Дистрибуция / Импорт-экспорт,2.08
5,https://rabota.ua/cv/13856362,Заместитель коммерческого директора,Исполнительный директор,ноя 2005 - дек 2008 (3 года 2 мес),Торговля оптовая / Дистрибуция / Импорт-экспорт,3.17
6,https://rabota.ua/cv/13856362,Коммерческий директор,"ТЕРРА ФУД, ГРУППА КОМПАНИЙ",сен 2003 - окт 2005 (2 года 2 мес),Торговля оптовая / Дистрибуция / Импорт-экспорт,2.17
0,https://rabota.ua/cv/3366909,"Piedras  y Marmoles  Semar,  S.L (Испания)",Директор компании,ноя 2018 - настоящее время (1 год 2 мес),Торговля оптовая / Дистрибуция / Импорт-экспорт,1.17
1,https://rabota.ua/cv/3366909,Монте-Кото,SEMAR,ноя 2015 - ноя 2018 (3 года 1 мес),Торговля оптовая / Дистрибуция / Импорт-экспорт,3.08
2,https://rabota.ua/cv/3366909,"ТОВ ""БРОВАРСКОЙ АЛЮМИНИЕВЫЙ ЗАВОД"" (ТОВ ""БРАЗ ЛАЙН"")",Коммерческий директор,авг 2013 - мар 2015 (1 год 8 мес),Торговля оптовая / Дистрибуция / Импорт-экспорт,1.67
3,https://rabota.ua/cv/3366909,"Холдинг ""МастерНет"", строительный инструмент, строительно-отделочные материалы ( Украинское представительство)",Генеральный директор,май 2011 - авг 2013 (2 года 4 мес),Торговля оптовая / Дистрибуция / Импорт-экспорт,2.33
4,https://rabota.ua/cv/3366909,"ООО ""МЕТА ПАК"" (Киев) — клейкие ленты (стройматериалы).",Коммерческий директор,июл 2010 - май 2011 (11 мес),FMCG,0.92
5,https://rabota.ua/cv/3366909,ООО «Трейд  Маркетинг Сервис» и  ООО  «Одесса - Агроэнерджи»,Генеральный директор,дек 2008 - апр 2010 (1 год 5 мес),Торговля,1.42
6,https://rabota.ua/cv/3366909,Директор,Успешное участие в тендерах по закупкам продукции бытовой химии,сен 2008 - дек 2008 (4 мес),Реклама,0.33
7,https://rabota.ua/cv/3366909,Опыт работы:,"ООО ""Италстиль"",",авг 2007 - сен 2008 (1 год 2 мес),Торговля оптовая / Дистрибуция / Импорт-экспорт,1.17
8,https://rabota.ua/cv/3366909,Украинское представительство компании,"Декабрь 2008 - по настоящее время Директор компании «ИТАЛСТИЛЬ»,",авг 2002 - авг 2007 (5 лет 1 мес),Торговля оптовая / Дистрибуция / Импорт-экспорт,5.08
9,https://rabota.ua/cv/3366909,www.bovelacci.it,"""BOVELACCI"" (Италия)",дек 2000 - янв 2002 (1 год 2 мес),Торговля оптовая / Дистрибуция / Импорт-экспорт,1.17
10,https://rabota.ua/cv/3366909,"Плинтусы потолочные экструдированные, инжекционные, полиуретановые",www.shik-decor.com.ua,фев 2000 - дек 2000 (11 мес),Торговля,0.92
11,https://rabota.ua/cv/3366909,"потолочные плиты, молдинги, балки, розетты и т.д.","для внутренней и наружной отделки помещений, напольные плинтуса,",дек 1997 - фев 2000 (2 года 3 мес),Торговля,2.25
12,https://rabota.ua/cv/3366909,которые представляют материалы для внутренней,"Во всем мире и в Украине изделия ""BOVELACCI"" представлены практически во всех строительных «сетях» DIY и лучших магазинах декора, на открытых рынках,",мар 1996 - дек 1997 (1 год 10 мес),Торговля,1.83
13,https://rabota.ua/cv/3366909,"Потолочные плинтусы и плиты ТМ «Формат-Лагом» (Россия) - гипермаркеты, дистрибьюция;",и наружной отделки помещений.,ноя 1993 - дек 1997 (4 года 2 мес),Юридические,4.17
0,https://rabota.ua/cv/10372671,VB Handel,Директор по продажам,ноя 2017 - настоящее время (2 года 2 мес),Торговля оптовая / Дистрибуция / Импорт-экспорт,2.17
1,https://rabota.ua/cv/10372671,PART Trading GmbH,Директор по продажам,янв 2016 - ноя 2017 (1 год 11 мес),Торговля оптовая / Дистрибуция / Импорт-экспорт,1.92
2,https://rabota.ua/cv/10372671,ДП  ХАМЕ УК ТРЕЙД (Чехия).,Директор по продажам и маркетингу,сен 2008 - янв 2016 (7 лет 5 мес),Торговля оптовая / Дистрибуция / Импорт-экспорт,7.42
3,https://rabota.ua/cv/10372671,Директора по продажам и Маркетинг директора,Hame s.r.o.,янв 2003 - сен 2008 (5 лет 9 мес),Торговля оптовая / Дистрибуция / Импорт-экспорт,5.75
4,https://rabota.ua/cv/10372671,"ДП ""Бест Альтернатива"".",Директор по продажам и маркетингу,янв 2002 - янв 2003 (1 год 1 мес),Торговля оптовая / Дистрибуция / Импорт-экспорт,1.08
5,https://rabota.ua/cv/10372671,"ДП ""Бест Альтернатива""",Менеджер по работе с национальными сетями (КАМ),янв 2001 - дек 2001 (1 лет),Торговля оптовая / Дистрибуция / Импорт-экспорт,1.0
0,https://rabota.ua/cv/12983533,"""Еко-Ресурс Груп""",Коммерческий директор,апр 2014 - настоящее время (5 лет 9 мес),АПК (Агропромышленный комплекс),5.75
1,https://rabota.ua/cv/12983533,"ООО ""Демис-Агро """,Заместитель директора по коммерческой части,янв 2012 - авг 2012 (8 мес),АПК (Агропромышленный комплекс),0.67
2,https://rabota.ua/cv/12983533,"ООО ""Демис-Агро""",Начальник сектора забоя и переработки,янв 2011 - мар 2012 (1 год 3 мес),АПК (Агропромышленный комплекс),1.25
3,https://rabota.ua/cv/12983533,""" Торговый Дом «Оволайн "" ЛТД """,Коммерческий директор,дек 2008 - июн 2009 (7 мес),АПК (Агропромышленный комплекс),0.58
4,https://rabota.ua/cv/12983533,"ООО ФКГ "" Укрмясо "" Киев",Начальник отдела развития фирменной торговли,июн 2008 - ноя 2008 (6 мес),АПК (Агропромышленный комплекс),0.5
5,https://rabota.ua/cv/12983533,"ООО ФКГ "" Укрмясо "" Киев",Региональный менеджер,июн 2007 - май 2008 (1 год),АПК (Агропромышленный комплекс),1.0
6,https://rabota.ua/cv/12983533,СП ” Витмарк-Украина ’’,Региональный менеджер по продажам и дистрибуции по юго-востоку Украины,ноя 2006 - май 2007 (7 мес),АПК (Агропромышленный комплекс),0.58
7,https://rabota.ua/cv/12983533,"ООО "" ПДК "" Княжий град """,Начальник отдела областных и региональных продаж,мар 2004 - сен 2006 (2 года 7 мес),АПК (Агропромышленный комплекс),2.58
8,https://rabota.ua/cv/12983533,"ООО "" ПДК "" Княжий град """,Супервайзер,апр 2003 - мар 2004 (1 год),АПК (Агропромышленный комплекс),1.0
9,https://rabota.ua/cv/12983533,"ООО "" ПДК  "" Княжий град """,Торговый представитель по Киевской области,сен 2002 - апр 2003 (8 мес),АПК (Агропромышленный комплекс),0.67
10,https://rabota.ua/cv/12983533,"ООО "" ПДК "" Княжий град """,Торговый представитель,окт 2001 - ноя 2002 (1 год 2 мес),АПК (Агропромышленный комплекс),1.17
11,https://rabota.ua/cv/12983533,"ООО "" ПДК "" Княжий град """,Менеджер VIP отдела,июл 2002 - сен 2002 (3 мес),АПК (Агропромышленный комплекс),0.25
0,https://rabota.ua/cv/12024097,"ТОВ ""M -Электроникс""  (Бытовая техника)",Руководитель отдела продаж,июн 2018 - мар 2019 (10 мес),Торговля оптовая / Дистрибуция / Импорт-экспорт,0.83
1,https://rabota.ua/cv/12024097,"Группа компаний ТОВ ""34Grade"" (официальный представитель GoPro в Украине, фото/видео/аудио/Аксессуары и др.)",Коммерческий директор,дек 2015 - апр 2018 (2 года 5 мес),Торговля оптовая / Дистрибуция / Импорт-экспорт,2.42
2,https://rabota.ua/cv/12024097,"ФОП ""Гладкий""",Начальник отдела продаж,май 2015 - ноя 2015 (7 мес),Торговля оптовая / Дистрибуция / Импорт-экспорт,0.58
3,https://rabota.ua/cv/12024097,Група Данон: Данон Україна та Нутриція Україна (декретная должность),Менеджер по работе с ключевыми клиентами / торговыми сетями FMCG,ноя 2014 - май 2015 (7 мес),Торговля оптовая / Дистрибуция / Импорт-экспорт,0.58
4,https://rabota.ua/cv/12024097,"ДП ""БИК Украина""",Менеджер по работе с ключевыми клиентами / торговыми сетями FMCG,окт 2012 - фев 2014 (1 год 5 мес),Торговля оптовая / Дистрибуция / Импорт-экспорт,1.42
5,https://rabota.ua/cv/12024097,"ДП ""БИК Украина""",Региональный менеджер,сен 2011 - окт 2012 (1 год 2 мес),Торговля оптовая / Дистрибуция / Импорт-экспорт,1.17
6,https://rabota.ua/cv/12024097,"ООО ""ДАЕРС""",Менеджер по вопросам регионального развития,ноя 2010 - сен 2011 (11 мес),Торговля оптовая / Дистрибуция / Импорт-экспорт,0.92
7,https://rabota.ua/cv/12024097,"ЗАО ""Чумак""",Территориальный менеджер,сен 2009 - ноя 2010 (1 год 3 мес),Торговля оптовая / Дистрибуция / Импорт-экспорт,1.25
8,https://rabota.ua/cv/12024097,"Монделіс Україна, ПАТ / Крафт Фудз Україна",Супервайзер,дек 2007 - сен 2009 (1 год 10 мес),FMCG,1.83
9,https://rabota.ua/cv/12024097,"Монделіс Україна, ПАТ / Крафт Фудз Україна",Торговый представитель,мар 2005 - дек 2007 (2 года 10 мес),FMCG,2.83
0,https://rabota.ua/cv/9210147,"ПАО""Сан Инбев Украина"", Покровск (Производство и сбыт пива)",Супервайзер FMCG,сен 2016 - фев 2018 (1 год 6 мес),FMCG,1.5
1,https://rabota.ua/cv/9210147,в ДК АЛБО,руководитель отдела продаж ПРОДУКТЫ г.Покровск(FMCG). .,апр 2015 - сен 2016 (1 год 6 мес),FMCG,1.5
2,https://rabota.ua/cv/9210147,ООО Восток-профиль,Зам.директора по экономике и развитию,май 2012 - мар 2015 (2 года 11 мес),FMCG,2.92
3,https://rabota.ua/cv/9210147,ЧФ “Виола”(FMCG),Руководитель торгового отдела г. Покровск(г.Красноармейск),фев 2011 - май 2012 (1 год 4 мес),FMCG,1.33
4,https://rabota.ua/cv/9210147,ООО «VIP-Бетон»(строительство),заместитель генерального директора по сбыту.,май 2008 - мар 2010 (1 год 11 мес),FMCG,1.92
5,https://rabota.ua/cv/9210147,заместитель директора по сбыту.,Генеральный директор,апр 2005 - ноя 2007 (2 года 8 мес),FMCG,2.67
6,https://rabota.ua/cv/9210147,менеджер по сбыту – супервайзер(FMCG).,ООО «Внешпромпоставка» г. Димитров,май 2003 - апр 2005 (2 года),FMCG,2.0
7,https://rabota.ua/cv/9210147,Заместитель директора по экономике,ООО  «Внешпромпоставка»,авг 2000 - ноя 2003 (3 года 4 мес),FMCG,3.33
0,https://rabota.ua/cv/5769251,"""Ukrainian Trade-Marketing Group"", г.Харьков.",Маркетинг-директор,дек 2011 - настоящее время (8 лет 1 мес),Услуги,8.08
1,https://rabota.ua/cv/5769251,"«Интеррыбфлот-Украина» г.Киев,",Региональный менеджер по Востоку Украины.,мар 2009 - сен 2011 (2 года 7 мес),FMCG,2.58
2,https://rabota.ua/cv/5769251,"«Днепропетровский мельничный комбинат» (ТМ «Дніпромлин»), г.Днепропетровск.","Региональный менеджер по Харьковской, Сумской и Полтавской областям.",май 2006 - ноя 2008 (2 года 7 мес),FMCG,2.58
3,https://rabota.ua/cv/5769251,"«Море», г.Киев.",Территориальный менеджер по Харькову и области.,дек 2003 - мар 2006 (2 года 4 мес),FMCG,2.33
4,https://rabota.ua/cv/5769251,"«Укр-Трейд», г.Харьков.",Категорийный менеджер,сен 2002 - окт 2003 (1 год 2 мес),Торговля,1.17
0,https://rabota.ua/cv/11475454,"Активтрейд, ООО",Операционный директор,мар 2015 - янв 2018 (2 года 11 мес),Промышленность и Производство,2.92
1,https://rabota.ua/cv/11475454,"ООО ""Авер Тех""",Директор филиала,ноя 2013 - фев 2015 (1 год 4 мес),Промышленность и Производство,1.33
2,https://rabota.ua/cv/11475454,"ДП ""Милкиленд Украина"" ДП ""Агролайт"" тм ""Добряна""",Директор,авг 2012 - ноя 2012 (4 мес),Промышленность и Производство,0.33
3,https://rabota.ua/cv/11475454,"ДП ""Милкиленд Украина"" ДП ""Агролайт"" тм ""Добряна""",Коммерческий директор,июн 2009 - апр 2012 (2 года 11 мес),Промышленность и Производство,2.92
4,https://rabota.ua/cv/11475454,РУШ ООО,Категорийный менеджер,июн 2008 - ноя 2008 (6 мес),Промышленность и Производство,0.5
5,https://rabota.ua/cv/11475454,"Корпорация ""Логос"" ООО «ФТД Маркет Групп»  тм ""DURU ARKO SANINO""",Директор по продажам,дек 2006 - апр 2008 (1 год 5 мес),Промышленность и Производство,1.42
6,https://rabota.ua/cv/11475454,"ПАО ""Комбинат Приднепровский"" тм ""Злагода""",Начальник отдела продаж и маркетинга,май 2003 - ноя 2006 (3 года 7 мес),Промышленность и Производство,3.58
7,https://rabota.ua/cv/11475454,"ПАО ""Комбинат ""Приднепровский"" тм ""Злагода""",Начальник отдела маркетинга,апр 2000 - май 2003 (3 года 2 мес),FMCG,3.17
8,https://rabota.ua/cv/11475454,"ПАО ""Комбинат ""Приднепровский""",Менеджер отдела маркетинга,апр 1997 - мар 2000 (3 года),Промышленность и Производство,3.0
0,https://rabota.ua/cv/11213338,ГК «АКВА ПЛАНЕТ КОМПАНИ»,Коммерческий директор,сен 2016 - настоящее время (3 года 4 мес),Торговля оптовая / Дистрибуция / Импорт-экспорт,3.33
1,https://rabota.ua/cv/11213338,ООО «НВО Экософт»,Директор по развитию,апр 2015 - сен 2016 (1 год 6 мес),Торговля оптовая / Дистрибуция / Импорт-экспорт,1.5
2,https://rabota.ua/cv/11213338,Представительство GROHE,Директор по развитию бизнеса в Украине и Белоруссии,мар 2014 - апр 2015 (1 год 2 мес),Торговля оптовая / Дистрибуция / Импорт-экспорт,1.17
3,https://rabota.ua/cv/11213338,China Distribution Bridge LTD (Шанхай),Генеральный директор,июн 2010 - фев 2014 (3 года 9 мес),Торговля оптовая / Дистрибуция / Импорт-экспорт,3.75
4,https://rabota.ua/cv/11213338,ООО «ЭКО ФИЛЬТР» (импортер ТМ БАРЬЕР»),Директор,дек 2007 - фев 2014 (6 лет 3 мес),Торговля оптовая / Дистрибуция / Импорт-экспорт,6.25
5,https://rabota.ua/cv/11213338,АО «Сарантис Украина»,Директор по продажам,окт 2005 - дек 2007 (2 года 3 мес),Торговля оптовая / Дистрибуция / Импорт-экспорт,2.25
6,https://rabota.ua/cv/11213338,"ПсИИ ""ДАНОН""-Украина",Дивизионный менеджер по продажам,ноя 2000 - окт 2005 (5 лет),Торговля оптовая / Дистрибуция / Импорт-экспорт,5.0
7,https://rabota.ua/cv/11213338,"ООО ПКФ ""Гетьман-Львов""",Руководитель отдела продаж Львовского региона,май 2000 - сен 2000 (5 мес),Торговля оптовая / Дистрибуция / Импорт-экспорт,0.42
8,https://rabota.ua/cv/11213338,"Представительство ""Wrigley"" Украина",Территориальный координатор продаж (ASC),июн 1999 - май 2000 (1 год),Торговля оптовая / Дистрибуция / Импорт-экспорт,1.0
9,https://rabota.ua/cv/11213338,"Представительство ""STIMOROLL""- Украина, г. Львов",Мерчандайзер,сен 1998 - апр 1999 (8 мес),Торговля оптовая / Дистрибуция / Импорт-экспорт,0.67
0,https://rabota.ua/cv/5871428,"ООО ""Житомирский молочный завод""",Коммерческий директор,сен 2018 - настоящее время (1 год 4 мес),FMCG,1.33
1,https://rabota.ua/cv/5871428,"ОДО ""ЖЛ"", ТМ ""Житомирские ласощи""",Директор по продажам,окт 2014 - мар 2018 (3 года 6 мес),FMCG,3.5
2,https://rabota.ua/cv/5871428,"Укрпродуктгрупп (Национальный производитель молочной продукции ТМ ""Наш молочник"", ""Молендам"", ""Народный продукт""; живого кваса ""Арсеньевский"")",Директор компании. Директор департамента дистрибьюции группы компаний,июл 2010 - июн 2014 (4 года),FMCG,4.0
3,https://rabota.ua/cv/5871428,"Группа компаний УПАК, прект Dragon Capital (Производстао и продажи мяса птицы, комбикормов, зерновых)",Коммерческий директор управляющей компании,окт 2008 - июн 2010 (1 год 9 мес),FMCG,1.75
4,https://rabota.ua/cv/5871428,"ОАО ""Житомирский маслозавод"", ТМ ""Рудь"" (Производство и продажи мороженного, маслопродукции, кисломолочной продукции)",Национальный менеджер по продажам,июл 2005 - окт 2008 (3 года 4 мес),FMCG,3.33
5,https://rabota.ua/cv/5871428,"ООО ""САВсервис"" (Дистрибьюция продукции компании ""Procter & Gamble"")",Начальник отдела продаж,июл 1998 - июл 2005 (7 лет 1 мес),FMCG,7.08
0,https://rabota.ua/cv/6687243,"Агрооптима, ООО",Руководитель отдела продаж Юго-Восточного региона,фев 2017 - авг 2017 (7 мес),АПК,0.58
1,https://rabota.ua/cv/6687243,Руководитель отдела маркетинга и продаж,Зоны ответственности:,фев 2016 - дек 2016 (11 мес),Торговля,0.92
2,https://rabota.ua/cv/6687243,Зоны ответственности:,Альфа Парфюм,фев 2015 - фев 2016 (1 год 1 мес),FMCG,1.08
3,https://rabota.ua/cv/6687243,Истерн Беверидж Трейдинг,Региональный менеджер,сен 2007 - июл 2014 (6 лет 11 мес),FMCG,6.92
4,https://rabota.ua/cv/6687243,Business Development Manager  (Менеджер по развитию бизнеса Юга Украины),Зоны ответственности:,фев 2005 - сен 2007 (2 года 8 мес),FMCG,2.67
5,https://rabota.ua/cv/6687243,Самая высокая доля рынка среди регионов,Ригли Украина,июн 2003 - фев 2005 (1 год 9 мес),FMCG,1.75
6,https://rabota.ua/cv/6687243,"Создание эффективной и высоко вовлеченной, нацеленной на результат команды по продажам.",Успешное внедрение программы совместной деятельности с Марс,апр 2001 - июн 2003 (2 года 3 мес),FMCG,2.25
7,https://rabota.ua/cv/6687243,прирост в объеме реализации на протяжении всего периода работы на данной должности;,прирост количественных и качественных показателей на вверенной территории - одни из лучших показателей в стране;,ноя 1999 - апр 2001 (1 год 6 мес),FMCG,1.5
